%time,field.linear.x,field.linear.y,field.linear.z,field.angular.x,field.angular.y,field.angular.z
1418801832070376607,0.25,0.0,0.0,0.0,0.0,0.0
1418801832306180199,0.267625659704,0.0,0.0,0.0,0.0,0.0526315793395
1418801832560573771,0.40000000596,0.0,0.0,0.0,0.0,0.157894730568
1418801832811294012,0.40000000596,0.0,0.0,0.0,0.0,0.157894730568
1418801833061253985,0.40000000596,0.0,0.0,0.0,0.0,0.157894730568
1418801833309996436,0.40000000596,0.0,0.0,0.0,0.0,0.157894730568
1418801833561217734,0.40000000596,0.0,0.0,0.0,0.0,0.0526315793395
1418801833812688805,0.40000000596,0.0,0.0,0.0,0.0,0.0526315793395
1418801834062736809,0.40000000596,0.0,0.0,0.0,0.0,0.0526315793395
1418801834312900614,0.228661686182,0.0,0.0,0.0,0.0,0.0
1418801834560536916,0.221205845475,0.0,0.0,0.0,0.0,0.0
1418801834809070698,0.20000000298,0.0,0.0,0.0,0.0,0.0
1418801835062654641,0.20000000298,0.0,0.0,0.0,0.0,0.0
1418801835314182243,0.20000000298,0.0,0.0,0.0,0.0,0.0526315793395
1418801835557777704,0.20000000298,0.0,0.0,0.0,0.0,0.157894730568
1418801835821477748,0.20000000298,0.0,0.0,0.0,0.0,0.157894730568
1418801836060650115,0.20000000298,0.0,0.0,0.0,0.0,0.157894730568
1418801836316704692,0.0,0.0,0.0,0.0,0.0,0.473684221506
1418801836559414370,0.165620237589,0.0,0.0,0.0,0.0,0.14381814003
1418801836752276359,0.0,0.0,0.0,0.0,0.0,0.0
1418801842823735113,0.25,0.0,0.0,0.0,0.0,-0.0526315793395
1418801843071876152,0.352395474911,0.0,0.0,0.0,0.0,-0.0526315793395
1418801843325351794,0.40000000596,0.0,0.0,0.0,0.0,-0.0526315793395
1418801843794795673,0.40000000596,0.0,0.0,0.0,0.0,-0.0526315793395
1418801843813534932,0.40000000596,0.0,0.0,0.0,0.0,-0.0526315793395
1418801844075042951,0.40000000596,0.0,0.0,0.0,0.0,-0.0526315793395
1418801844331611155,0.40000000596,0.0,0.0,0.0,0.0,-0.0526315793395
1418801844566999974,0.40000000596,0.0,0.0,0.0,0.0,0.157894730568
1418801844831136211,0.40000000596,0.0,0.0,0.0,0.0,0.157894730568
1418801845069650926,0.40000000596,0.0,0.0,0.0,0.0,0.0526315793395
1418801845312590417,0.228650137782,0.0,0.0,0.0,0.0,0.263157904148
1418801845564730126,0.221341684461,0.0,0.0,0.0,0.0,0.368421047926
1418801845840143275,0.20000000298,0.0,0.0,0.0,0.0,0.0
1418801846069714606,0.20000000298,0.0,0.0,0.0,0.0,0.157894730568
1418801846315380577,0.20000000298,0.0,0.0,0.0,0.0,0.157894730568
1418801846572581376,0.20000000298,0.0,0.0,0.0,0.0,0.0526315793395
1418801846816198608,0.178041636944,0.0,0.0,0.0,0.0,0.0526315793395
1418801847071228218,0.169119939208,0.0,0.0,0.0,0.0,0.0526315793395
1418801847312600110,0.169151380658,0.0,0.0,0.0,0.0,0.0526315793395
1418801847565141692,0.169152870774,0.0,0.0,0.0,0.0,-0.0526315793395
1418801847826044885,0.181603461504,0.0,0.0,0.0,0.0,-0.0526315793395
1418801848076802492,0.176259115338,0.0,0.0,0.0,0.0,-0.157894730568
1418801848319101522,0.183283895254,0.0,0.0,0.0,0.0,-0.263157904148
1418801848562092341,0.185044467449,0.0,0.0,0.0,0.0,-0.157894730568
1418801848754599021,0.0,0.0,0.0,0.0,0.0,0.0
1418801849004588898,0.0,0.0,0.0,0.0,0.0,0.0
1418801849254724500,0.0,0.0,0.0,0.0,0.0,0.0
1418801852589863188,0.0,0.0,0.0,0.0,0.0,1.0
1418801852832001522,0.0,0.0,0.0,0.0,0.0,1.0
1418801853083345277,0.0,0.0,0.0,0.0,0.0,1.0
1418801853331094262,0.0,0.0,0.0,0.0,0.0,1.0
1418801853578228387,0.0,0.0,0.0,0.0,0.0,0.926097691059
1418801853828683522,0.126767486334,0.0,0.0,0.0,0.0,1.0
1418801854083418289,0.0,0.0,0.0,0.0,0.0,0.913045167923
1418801854330598124,0.128525242209,0.0,0.0,0.0,0.0,1.0
1418801854579079922,0.132070332766,0.0,0.0,0.0,0.0,1.0
1418801854831724988,0.0,0.0,0.0,0.0,0.0,0.839188635349
1418801855077529758,0.0,0.0,0.0,0.0,0.0,0.0
1418801856095178347,0.0,0.0,0.0,0.0,0.0,0.0
1418801856280561316,0.0,0.0,0.0,0.0,0.0,0.0
1418801856521962146,0.0,0.0,0.0,0.0,0.0,1.0
1418801856572031022,0.0,0.0,0.0,0.0,0.0,1.0
1418801856626561138,0.0,0.0,0.0,0.0,0.0,1.0
1418801856678320578,0.0,0.0,0.0,0.0,0.0,1.0
1418801856722121577,0.0,0.0,0.0,0.0,0.0,1.0
1418801856770561701,0.0,0.0,0.0,0.0,0.0,1.0
1418801856821881100,0.0,0.0,0.0,0.0,0.0,1.0
1418801856879271728,0.0,0.0,0.0,0.0,0.0,1.0
1418801856924857382,0.0,0.0,0.0,0.0,0.0,1.0
1418801856982700015,0.0,0.0,0.0,0.0,0.0,1.0
1418801857023508235,0.0,0.0,0.0,0.0,0.0,1.0
1418801857073299759,0.0,0.0,0.0,0.0,0.0,1.0
1418801857120145690,0.0,0.0,0.0,0.0,0.0,1.0
1418801857171667658,0.0,0.0,0.0,0.0,0.0,1.0
1418801857220074763,0.0,0.0,0.0,0.0,0.0,1.0
1418801857274956850,0.0,0.0,0.0,0.0,0.0,1.0
1418801857324821679,0.0,0.0,0.0,0.0,0.0,1.0
1418801857370552451,0.0,0.0,0.0,0.0,0.0,1.0
1418801857433370680,0.0,0.0,0.0,0.0,0.0,1.0
1418801857475028167,0.0,0.0,0.0,0.0,0.0,1.0
1418801857526617022,0.0,0.0,0.0,0.0,0.0,1.0
1418801857570516912,0.0,0.0,0.0,0.0,0.0,1.0
1418801857625365381,0.0,0.0,0.0,0.0,0.0,1.0
1418801857675522138,0.0,0.0,0.0,0.0,0.0,1.0
1418801857721608137,0.0,0.0,0.0,0.0,0.0,1.0
1418801857777548175,0.0,0.0,0.0,0.0,0.0,1.0
1418801857826503057,0.0,0.0,0.0,0.0,0.0,1.0
1418801857871108555,0.0,0.0,0.0,0.0,0.0,1.0
1418801857920082813,0.0,0.0,0.0,0.0,0.0,1.0
1418801857970263323,0.0,0.0,0.0,0.0,0.0,1.0
1418801858019964299,0.0,0.0,0.0,0.0,0.0,1.0
1418801858071608144,0.0,0.0,0.0,0.0,0.0,1.0
1418801858120229825,0.0,0.0,0.0,0.0,0.0,1.0
1418801858171006964,0.0,0.0,0.0,0.0,0.0,1.0
1418801858221704787,0.0,0.0,0.0,0.0,0.0,1.0
1418801858269865983,0.0,0.0,0.0,0.0,0.0,1.0
1418801858329410178,0.0,0.0,0.0,0.0,0.0,1.0
1418801858371704849,0.0,0.0,0.0,0.0,0.0,1.0
1418801858422336972,0.0,0.0,0.0,0.0,0.0,1.0
1418801858469853814,0.0,0.0,0.0,0.0,0.0,1.0
1418801858519949022,0.0,0.0,0.0,0.0,0.0,1.0
1418801858569869311,0.0,0.0,0.0,0.0,0.0,1.0
1418801858620121660,0.0,0.0,0.0,0.0,0.0,1.0
1418801858670099616,0.0,0.0,0.0,0.0,0.0,1.0
1418801858719834215,0.0,0.0,0.0,0.0,0.0,1.0
1418801858769953555,0.0,0.0,0.0,0.0,0.0,1.0
1418801858819821151,0.0,0.0,0.0,0.0,0.0,1.0
1418801858871015207,0.0,0.0,0.0,0.0,0.0,1.0
1418801858925345614,0.0,0.0,0.0,0.0,0.0,1.0
1418801858973470218,0.0,0.0,0.0,0.0,0.0,1.0
1418801859024124193,0.0,0.0,0.0,0.0,0.0,1.0
1418801859071157758,0.0,0.0,0.0,0.0,0.0,1.0
1418801859121530792,0.0,0.0,0.0,0.0,0.0,1.0
1418801859173599696,0.0,0.0,0.0,0.0,0.0,1.0
1418801859222303205,0.0,0.0,0.0,0.0,0.0,1.0
1418801859269652412,0.0,0.0,0.0,0.0,0.0,1.0
1418801859319933640,0.0,0.0,0.0,0.0,0.0,1.0
1418801859369715128,0.0,0.0,0.0,0.0,0.0,1.0
1418801859431970149,0.0,0.0,0.0,0.0,0.0,1.0
1418801859477186033,0.0,0.0,0.0,0.0,0.0,1.0
1418801859521432591,0.0,0.0,0.0,0.0,0.0,1.0
1418801859569670088,0.0,0.0,0.0,0.0,0.0,1.0
1418801859621025850,0.0,0.0,0.0,0.0,0.0,1.0
1418801859669725071,0.0,0.0,0.0,0.0,0.0,1.0
1418801859724037684,0.0,0.0,0.0,0.0,0.0,1.0
1418801859770277820,0.0,0.0,0.0,0.0,0.0,1.0
1418801859819633477,0.0,0.0,0.0,0.0,0.0,1.0
1418801859869595284,0.0,0.0,0.0,0.0,0.0,1.0
1418801859919677495,0.0,0.0,0.0,0.0,0.0,1.0
1418801859969613155,0.0,0.0,0.0,0.0,0.0,1.0
1418801860019702583,0.0,0.0,0.0,0.0,0.0,1.0
1418801860069668705,0.0,0.0,0.0,0.0,0.0,1.0
1418801860119927764,0.0,0.0,0.0,0.0,0.0,1.0
1418801860169658578,0.0,0.0,0.0,0.0,0.0,1.0
1418801860219805023,0.0,0.0,0.0,0.0,0.0,1.0
1418801860269565188,0.0,0.0,0.0,0.0,0.0,1.0
1418801860319624405,0.0,0.0,0.0,0.0,0.0,1.0
1418801860369822791,0.0,0.0,0.0,0.0,0.0,1.0
1418801860419748220,0.0,0.0,0.0,0.0,0.0,1.0
1418801860469782131,0.0,0.0,0.0,0.0,0.0,1.0
1418801860519639615,0.0,0.0,0.0,0.0,0.0,1.0
1418801860569574556,0.0,0.0,0.0,0.0,0.0,1.0
1418801860619741567,0.0,0.0,0.0,0.0,0.0,1.0
1418801860669617473,0.0,0.0,0.0,0.0,0.0,1.0
1418801860719648372,0.0,0.0,0.0,0.0,0.0,1.0
1418801860769570507,0.0,0.0,0.0,0.0,0.0,1.0
1418801860819572737,0.0,0.0,0.0,0.0,0.0,1.0
1418801860869571795,0.0,0.0,0.0,0.0,0.0,1.0
1418801860919599190,0.0,0.0,0.0,0.0,0.0,1.0
1418801860969545483,0.0,0.0,0.0,0.0,0.0,1.0
1418801861019516344,0.0,0.0,0.0,0.0,0.0,1.0
1418801861069530063,0.0,0.0,0.0,0.0,0.0,1.0
1418801861119537518,0.0,0.0,0.0,0.0,0.0,1.0
1418801861169635116,0.0,0.0,0.0,0.0,0.0,0.850035808144
1418801861221561211,0.0,0.0,0.0,0.0,0.0,0.850035808144
1418801861269485963,0.0,0.0,0.0,0.0,0.0,0.494135985531
1418801861319481520,0.0,0.0,0.0,0.0,0.0,0.494135985531
1418801861374159665,0.0,0.0,0.0,0.0,0.0,1.0
1418801861421093186,0.0,0.0,0.0,0.0,0.0,1.0
1418801861470901997,0.0,0.0,0.0,0.0,0.0,1.0
1418801861521486037,0.0,0.0,0.0,0.0,0.0,1.0
1418801861570994813,0.0,0.0,0.0,0.0,0.0,1.0
1418801861621384432,0.0,0.0,0.0,0.0,0.0,1.0
1418801861670947443,0.0,0.0,0.0,0.0,0.0,1.0
1418801861721211174,0.0,0.0,0.0,0.0,0.0,1.0
1418801861771263388,0.0,0.0,0.0,0.0,0.0,1.0
1418801861821080870,0.0,0.0,0.0,0.0,0.0,1.0
1418801861870946920,0.0,0.0,0.0,0.0,0.0,1.0
1418801861921009065,0.0,0.0,0.0,0.0,0.0,1.0
1418801861970888665,0.0,0.0,0.0,0.0,0.0,1.0
1418801862021046359,0.0,0.0,0.0,0.0,0.0,1.0
1418801862070907526,0.0,0.0,0.0,0.0,0.0,1.0
1418801862121276581,0.0,0.0,0.0,0.0,0.0,1.0
1418801862170972081,0.0,0.0,0.0,0.0,0.0,1.0
1418801862220848320,0.0,0.0,0.0,0.0,0.0,1.0
1418801862270900411,0.0,0.0,0.0,0.0,0.0,1.0
1418801862321049782,0.0,0.0,0.0,0.0,0.0,1.0
1418801862370853533,0.0,0.0,0.0,0.0,0.0,1.0
1418801862420992336,0.0,0.0,0.0,0.0,0.0,1.0
1418801862470878865,0.0,0.0,0.0,0.0,0.0,1.0
1418801862521549652,0.0,0.0,0.0,0.0,0.0,1.0
1418801862570748307,0.0,0.0,0.0,0.0,0.0,1.0
1418801862620942883,0.0,0.0,0.0,0.0,0.0,1.0
1418801862670705413,0.0,0.0,0.0,0.0,0.0,1.0
1418801862721242170,0.0,0.0,0.0,0.0,0.0,1.0
1418801862770818226,0.0,0.0,0.0,0.0,0.0,1.0
1418801862821043025,0.0,0.0,0.0,0.0,0.0,1.0
1418801862870751649,0.0,0.0,0.0,0.0,0.0,1.0
1418801862920827979,0.0,0.0,0.0,0.0,0.0,1.0
1418801862970787171,0.0,0.0,0.0,0.0,0.0,1.0
1418801863021086425,0.0,0.0,0.0,0.0,0.0,1.0
1418801863070774022,0.0,0.0,0.0,0.0,0.0,1.0
1418801863120946539,0.0,0.0,0.0,0.0,0.0,1.0
1418801863170738954,0.0,0.0,0.0,0.0,0.0,1.0
1418801863220793142,0.0,0.0,0.0,0.0,0.0,1.0
1418801863270688745,0.0,0.0,0.0,0.0,0.0,1.0
1418801863320769827,0.0,0.0,0.0,0.0,0.0,1.0
1418801863371888462,0.0,0.0,0.0,0.0,0.0,1.0
1418801863421240799,0.0,0.0,0.0,0.0,0.0,1.0
1418801863470812201,0.0,0.0,0.0,0.0,0.0,1.0
1418801863520636679,0.0,0.0,0.0,0.0,0.0,1.0
1418801863570548634,0.0,0.0,0.0,0.0,0.0,1.0
1418801863620792669,0.0,0.0,0.0,0.0,0.0,1.0
1418801863671133862,0.0,0.0,0.0,0.0,0.0,1.0
1418801863720752435,0.0,0.0,0.0,0.0,0.0,1.0
1418801863770671588,0.0,0.0,0.0,0.0,0.0,1.0
1418801863820682391,0.0,0.0,0.0,0.0,0.0,1.0
1418801863872400918,0.0,0.0,0.0,0.0,0.0,1.0
1418801863920652349,0.0,0.0,0.0,0.0,0.0,1.0
1418801863970567976,0.0,0.0,0.0,0.0,0.0,1.0
1418801864020660751,0.0,0.0,0.0,0.0,0.0,1.0
1418801864070521880,0.0,0.0,0.0,0.0,0.0,1.0
1418801864123859752,0.0,0.0,0.0,0.0,0.0,1.0
1418801864170622764,0.0,0.0,0.0,0.0,0.0,1.0
1418801864220804108,0.0,0.0,0.0,0.0,0.0,1.0
1418801864271087615,0.0,0.0,0.0,0.0,0.0,1.0
1418801864326809491,0.0,0.0,0.0,0.0,0.0,1.0
1418801864370556470,0.0,0.0,0.0,0.0,0.0,1.0
1418801864420431678,0.0,0.0,0.0,0.0,0.0,1.0
1418801864470438131,0.0,0.0,0.0,0.0,0.0,1.0
1418801864520439696,0.0,0.0,0.0,0.0,0.0,1.0
1418801864570507627,0.0,0.0,0.0,0.0,0.0,1.0
1418801864621067227,0.0,0.0,0.0,0.0,0.0,1.0
1418801864670507889,0.0,0.0,0.0,0.0,0.0,1.0
1418801864720971351,0.0,0.0,0.0,0.0,0.0,1.0
1418801864774624951,0.0,0.0,0.0,0.0,0.0,1.0
1418801864820440578,0.0,0.0,0.0,0.0,0.0,1.0
1418801864870349815,0.0,0.0,0.0,0.0,0.0,1.0
1418801864920400142,0.0,0.0,0.0,0.0,0.0,1.0
1418801864970418230,0.0,0.0,0.0,0.0,0.0,1.0
1418801865020387610,0.0,0.0,0.0,0.0,0.0,1.0
1418801865070444426,0.0,0.0,0.0,0.0,0.0,1.0
1418801865120543226,0.0,0.0,0.0,0.0,0.0,1.0
1418801865170394576,0.0,0.0,0.0,0.0,0.0,1.0
1418801865230422412,0.0,0.0,0.0,0.0,0.0,1.0
1418801865270396691,0.0,0.0,0.0,0.0,0.0,1.0
1418801865320577168,0.0,0.0,0.0,0.0,0.0,1.0
1418801865370246786,0.0,0.0,0.0,0.0,0.0,1.0
1418801865420361994,0.0,0.0,0.0,0.0,0.0,1.0
1418801865470241514,0.0,0.0,0.0,0.0,0.0,1.0
1418801865522479179,0.0,0.0,0.0,0.0,0.0,1.0
1418801865570592388,0.0,0.0,0.0,0.0,0.0,1.0
1418801865620530210,0.0,0.0,0.0,0.0,0.0,1.0
1418801865670358283,0.0,0.0,0.0,0.0,0.0,1.0
1418801865696018968,0.0,0.0,0.0,0.0,0.0,0.0
1418801865946172478,0.0,0.0,0.0,0.0,0.0,0.0
1418801866171702921,0.0,0.0,0.0,0.0,0.0,1.0
1418801866222761875,0.0,0.0,0.0,0.0,0.0,1.0
1418801866271678539,0.0,0.0,0.0,0.0,0.0,1.0
1418801866321988676,0.0,0.0,0.0,0.0,0.0,1.0
1418801866371723240,0.0,0.0,0.0,0.0,0.0,1.0
1418801866422312704,0.0,0.0,0.0,0.0,0.0,1.0
1418801866471915708,0.0,0.0,0.0,0.0,0.0,1.0
1418801866522385814,0.0,0.0,0.0,0.0,0.0,1.0
1418801866571870268,0.0,0.0,0.0,0.0,0.0,1.0
1418801866621573951,0.0,0.0,0.0,0.0,0.0,1.0
1418801866671531786,0.0,0.0,0.0,0.0,0.0,1.0
1418801866721532460,0.0,0.0,0.0,0.0,0.0,1.0
1418801866771456547,0.0,0.0,0.0,0.0,0.0,1.0
1418801866821562774,0.0,0.0,0.0,0.0,0.0,1.0
1418801866871475111,0.0,0.0,0.0,0.0,0.0,1.0
1418801866921924862,0.0,0.0,0.0,0.0,0.0,1.0
1418801866971604587,0.0,0.0,0.0,0.0,0.0,1.0
1418801867022241094,0.0,0.0,0.0,0.0,0.0,1.0
1418801867071444357,0.0,0.0,0.0,0.0,0.0,1.0
1418801867121488692,0.0,0.0,0.0,0.0,0.0,1.0
1418801867171366092,0.0,0.0,0.0,0.0,0.0,1.0
1418801867221564722,0.0,0.0,0.0,0.0,0.0,1.0
1418801867271340307,0.0,0.0,0.0,0.0,0.0,1.0
1418801867322258154,0.0,0.0,0.0,0.0,0.0,1.0
1418801867371467908,0.0,0.0,0.0,0.0,0.0,1.0
1418801867421997804,0.0,0.0,0.0,0.0,0.0,1.0
1418801867471515371,0.0,0.0,0.0,0.0,0.0,1.0
1418801867521358359,0.0,0.0,0.0,0.0,0.0,1.0
1418801867571199443,0.0,0.0,0.0,0.0,0.0,1.0
1418801867621395512,0.0,0.0,0.0,0.0,0.0,1.0
1418801867672749464,0.0,0.0,0.0,0.0,0.0,1.0
1418801867721758939,0.0,0.0,0.0,0.0,0.0,1.0
1418801867771951996,0.0,0.0,0.0,0.0,0.0,1.0
1418801867822438959,0.0,0.0,0.0,0.0,0.0,1.0
1418801867871960175,0.0,0.0,0.0,0.0,0.0,1.0
1418801867922249019,0.0,0.0,0.0,0.0,0.0,1.0
1418801867971411753,0.0,0.0,0.0,0.0,0.0,1.0
1418801868021701992,0.0,0.0,0.0,0.0,0.0,1.0
1418801868071282244,0.0,0.0,0.0,0.0,0.0,1.0
1418801868121340403,0.0,0.0,0.0,0.0,0.0,1.0
1418801868171769173,0.0,0.0,0.0,0.0,0.0,1.0
1418801868222277588,0.0,0.0,0.0,0.0,0.0,1.0
1418801868271802435,0.0,0.0,0.0,0.0,0.0,1.0
1418801868321873540,0.0,0.0,0.0,0.0,0.0,1.0
1418801868371656380,0.0,0.0,0.0,0.0,0.0,1.0
1418801868421236889,0.0,0.0,0.0,0.0,0.0,1.0
1418801868471186685,0.0,0.0,0.0,0.0,0.0,1.0
1418801868521315486,0.0,0.0,0.0,0.0,0.0,1.0
1418801868571422782,0.0,0.0,0.0,0.0,0.0,1.0
1418801868621441659,0.0,0.0,0.0,0.0,0.0,1.0
1418801868671564134,0.0,0.0,0.0,0.0,0.0,1.0
1418801868721826694,0.0,0.0,0.0,0.0,0.0,1.0
1418801868771608163,0.0,0.0,0.0,0.0,0.0,1.0
1418801868821806004,0.0,0.0,0.0,0.0,0.0,1.0
1418801868871103810,0.0,0.0,0.0,0.0,0.0,1.0
1418801868921370048,0.0,0.0,0.0,0.0,0.0,1.0
1418801868971056943,0.0,0.0,0.0,0.0,0.0,1.0
1418801869021486935,0.0,0.0,0.0,0.0,0.0,1.0
1418801869071491977,0.0,0.0,0.0,0.0,0.0,1.0
1418801869121250457,0.0,0.0,0.0,0.0,0.0,1.0
1418801869171399201,0.0,0.0,0.0,0.0,0.0,1.0
1418801869221545312,0.0,0.0,0.0,0.0,0.0,1.0
1418801869271386309,0.0,0.0,0.0,0.0,0.0,1.0
1418801869321124638,0.0,0.0,0.0,0.0,0.0,1.0
1418801869371115328,0.0,0.0,0.0,0.0,0.0,1.0
1418801869421651737,0.0,0.0,0.0,0.0,0.0,1.0
1418801869471268559,0.0,0.0,0.0,0.0,0.0,1.0
1418801869521445087,0.0,0.0,0.0,0.0,0.0,1.0
1418801869571314168,0.0,0.0,0.0,0.0,0.0,1.0
1418801869626074841,0.0,0.0,0.0,0.0,0.0,1.0
1418801869671289924,0.0,0.0,0.0,0.0,0.0,1.0
1418801869722018477,0.0,0.0,0.0,0.0,0.0,1.0
1418801869770984693,0.0,0.0,0.0,0.0,0.0,1.0
1418801869823215366,0.0,0.0,0.0,0.0,0.0,1.0
1418801869871130278,0.0,0.0,0.0,0.0,0.0,1.0
1418801869921227855,0.0,0.0,0.0,0.0,0.0,1.0
1418801869971080831,0.0,0.0,0.0,0.0,0.0,1.0
1418801870021214806,0.0,0.0,0.0,0.0,0.0,1.0
1418801870071068685,0.0,0.0,0.0,0.0,0.0,1.0
1418801870121000926,0.0,0.0,0.0,0.0,0.0,1.0
1418801870171165009,0.0,0.0,0.0,0.0,0.0,1.0
1418801870220930778,0.0,0.0,0.0,0.0,0.0,1.0
1418801870270989176,0.0,0.0,0.0,0.0,0.0,1.0
1418801870321003933,0.0,0.0,0.0,0.0,0.0,1.0
1418801870371018351,0.0,0.0,0.0,0.0,0.0,1.0
1418801870421643147,0.0,0.0,0.0,0.0,0.0,1.0
1418801870470942810,0.0,0.0,0.0,0.0,0.0,1.0
1418801870520926739,0.0,0.0,0.0,0.0,0.0,1.0
1418801870570928387,0.0,0.0,0.0,0.0,0.0,1.0
1418801870621069137,0.0,0.0,0.0,0.0,0.0,1.0
1418801870670821721,0.0,0.0,0.0,0.0,0.0,0.817881339786
1418801870720907514,0.0,0.0,0.0,0.0,0.0,0.817881339786
1418801870770919705,0.0,0.0,0.0,0.0,0.0,0.488087289711
1418801870820895827,0.0,0.0,0.0,0.0,0.0,0.488087289711
1418801870874010496,0.0,0.0,0.0,0.0,0.0,1.0
1418801870924756462,0.0,0.0,0.0,0.0,0.0,1.0
1418801870973968322,0.0,0.0,0.0,0.0,0.0,1.0
1418801871022680860,0.0,0.0,0.0,0.0,0.0,1.0
1418801871073801974,0.0,0.0,0.0,0.0,0.0,1.0
1418801871122408262,0.0,0.0,0.0,0.0,0.0,1.0
1418801871172484784,0.0,0.0,0.0,0.0,0.0,1.0
1418801871222981984,0.0,0.0,0.0,0.0,0.0,1.0
1418801871274002416,0.0,0.0,0.0,0.0,0.0,1.0
1418801871324959653,0.0,0.0,0.0,0.0,0.0,1.0
1418801871373805222,0.0,0.0,0.0,0.0,0.0,1.0
1418801871424141100,0.0,0.0,0.0,0.0,0.0,1.0
1418801871473778291,0.0,0.0,0.0,0.0,0.0,1.0
1418801871523984705,0.0,0.0,0.0,0.0,0.0,1.0
1418801871572582515,0.0,0.0,0.0,0.0,0.0,1.0
1418801871622841532,0.0,0.0,0.0,0.0,0.0,1.0
1418801871672354725,0.0,0.0,0.0,0.0,0.0,1.0
1418801871722892485,0.0,0.0,0.0,0.0,0.0,1.0
1418801871775172069,0.0,0.0,0.0,0.0,0.0,1.0
1418801871824824484,0.0,0.0,0.0,0.0,0.0,1.0
1418801871886990181,0.0,0.0,0.0,0.0,0.0,1.0
1418801871923709885,0.0,0.0,0.0,0.0,0.0,1.0
1418801871974123542,0.0,0.0,0.0,0.0,0.0,1.0
1418801872022553725,0.0,0.0,0.0,0.0,0.0,1.0
1418801872076048366,0.0,0.0,0.0,0.0,0.0,1.0
1418801872122452761,0.0,0.0,0.0,0.0,0.0,1.0
1418801872172290188,0.0,0.0,0.0,0.0,0.0,1.0
1418801872222145462,0.0,0.0,0.0,0.0,0.0,1.0
1418801872273557257,0.0,0.0,0.0,0.0,0.0,1.0
1418801872324282599,0.0,0.0,0.0,0.0,0.0,1.0
1418801872373515576,0.0,0.0,0.0,0.0,0.0,1.0
1418801872426215577,0.0,0.0,0.0,0.0,0.0,1.0
1418801872472157450,0.0,0.0,0.0,0.0,0.0,1.0
1418801872522831056,0.0,0.0,0.0,0.0,0.0,1.0
1418801872572178582,0.0,0.0,0.0,0.0,0.0,1.0
1418801872622332976,0.0,0.0,0.0,0.0,0.0,1.0
1418801872672432854,0.0,0.0,0.0,0.0,0.0,1.0
1418801872722304694,0.0,0.0,0.0,0.0,0.0,1.0
1418801872772145917,0.0,0.0,0.0,0.0,0.0,1.0
1418801872823544061,0.0,0.0,0.0,0.0,0.0,1.0
1418801872873205376,0.0,0.0,0.0,0.0,0.0,1.0
1418801872922461307,0.0,0.0,0.0,0.0,0.0,1.0
1418801872972582539,0.0,0.0,0.0,0.0,0.0,1.0
1418801873022664232,0.0,0.0,0.0,0.0,0.0,1.0
1418801873072167519,0.0,0.0,0.0,0.0,0.0,1.0
1418801873122043725,0.0,0.0,0.0,0.0,0.0,1.0
1418801873173250339,0.0,0.0,0.0,0.0,0.0,1.0
1418801873223723924,0.0,0.0,0.0,0.0,0.0,1.0
1418801873273092160,0.0,0.0,0.0,0.0,0.0,1.0
1418801873323678557,0.0,0.0,0.0,0.0,0.0,1.0
1418801873373544117,0.0,0.0,0.0,0.0,0.0,1.0
1418801873422334857,0.0,0.0,0.0,0.0,0.0,1.0
1418801873472004354,0.0,0.0,0.0,0.0,0.0,1.0
1418801873522315524,0.0,0.0,0.0,0.0,0.0,1.0
1418801873571981488,0.0,0.0,0.0,0.0,0.0,1.0
1418801873621959861,0.0,0.0,0.0,0.0,0.0,1.0
1418801873672890512,0.0,0.0,0.0,0.0,0.0,1.0
1418801873723180879,0.0,0.0,0.0,0.0,0.0,1.0
1418801873772872398,0.0,0.0,0.0,0.0,0.0,1.0
1418801873822471416,0.0,0.0,0.0,0.0,0.0,1.0
1418801873871919702,0.0,0.0,0.0,0.0,0.0,1.0
1418801873921987024,0.0,0.0,0.0,0.0,0.0,1.0
1418801873971907789,0.0,0.0,0.0,0.0,0.0,1.0
1418801874022282114,0.0,0.0,0.0,0.0,0.0,1.0
1418801874071915598,0.0,0.0,0.0,0.0,0.0,1.0
1418801874124239781,0.0,0.0,0.0,0.0,0.0,1.0
1418801874172877934,0.0,0.0,0.0,0.0,0.0,1.0
1418801874222145608,0.0,0.0,0.0,0.0,0.0,1.0
1418801874273092356,0.0,0.0,0.0,0.0,0.0,1.0
1418801874322060351,0.0,0.0,0.0,0.0,0.0,1.0
1418801874371851692,0.0,0.0,0.0,0.0,0.0,1.0
1418801874422153633,0.0,0.0,0.0,0.0,0.0,1.0
1418801874471902558,0.0,0.0,0.0,0.0,0.0,1.0
1418801874522114084,0.0,0.0,0.0,0.0,0.0,1.0
1418801874572843460,0.0,0.0,0.0,0.0,0.0,1.0
1418801874623247965,0.0,0.0,0.0,0.0,0.0,1.0
1418801874672584485,0.0,0.0,0.0,0.0,0.0,1.0
1418801874722346166,0.0,0.0,0.0,0.0,0.0,1.0
1418801874771797791,0.0,0.0,0.0,0.0,0.0,1.0
1418801874821998355,0.0,0.0,0.0,0.0,0.0,1.0
1418801874871783043,0.0,0.0,0.0,0.0,0.0,1.0
1418801874922021846,0.0,0.0,0.0,0.0,0.0,1.0
1418801874971681830,0.0,0.0,0.0,0.0,0.0,1.0
1418801875017994765,0.0,0.0,0.0,0.0,0.0,0.0
1418801875244743505,0.0,0.0,0.0,0.0,0.0,0.0
1418801875473487838,0.0,0.0,0.0,0.0,0.0,1.0
1418801875523150833,0.0,0.0,0.0,0.0,0.0,1.0
1418801875573574132,0.0,0.0,0.0,0.0,0.0,1.0
1418801875607956312,0.0,0.0,0.0,0.0,0.0,0.0
1418801875732061357,0.0,0.0,0.0,0.0,0.0,0.0
1418801875973198583,0.0,0.0,0.0,0.0,0.0,1.0
1418801876023233245,0.0,0.0,0.0,0.0,0.0,1.0
1418801876073146094,0.0,0.0,0.0,0.0,0.0,1.0
1418801876123245126,0.0,0.0,0.0,0.0,0.0,1.0
1418801876173292703,0.0,0.0,0.0,0.0,0.0,1.0
1418801876223215373,0.0,0.0,0.0,0.0,0.0,1.0
1418801876274559817,0.0,0.0,0.0,0.0,0.0,1.0
1418801876323247367,0.0,0.0,0.0,0.0,0.0,1.0
1418801876373205719,0.0,0.0,0.0,0.0,0.0,1.0
1418801876423352241,0.0,0.0,0.0,0.0,0.0,1.0
1418801876473097049,0.0,0.0,0.0,0.0,0.0,1.0
1418801876533222593,0.0,0.0,0.0,0.0,0.0,1.0
1418801876572791316,0.0,0.0,0.0,0.0,0.0,1.0
1418801876623050846,0.0,0.0,0.0,0.0,0.0,1.0
1418801876673160684,0.0,0.0,0.0,0.0,0.0,1.0
1418801876723067651,0.0,0.0,0.0,0.0,0.0,1.0
1418801876772901075,0.0,0.0,0.0,0.0,0.0,1.0
1418801876823090765,0.0,0.0,0.0,0.0,0.0,1.0
1418801876872774783,0.0,0.0,0.0,0.0,0.0,1.0
1418801876923090645,0.0,0.0,0.0,0.0,0.0,1.0
1418801876973275018,0.0,0.0,0.0,0.0,0.0,1.0
1418801877023142501,0.0,0.0,0.0,0.0,0.0,1.0
1418801877072846877,0.0,0.0,0.0,0.0,0.0,1.0
1418801877122919946,0.0,0.0,0.0,0.0,0.0,1.0
1418801877172833422,0.0,0.0,0.0,0.0,0.0,1.0
1418801877222965498,0.0,0.0,0.0,0.0,0.0,1.0
1418801877273112583,0.0,0.0,0.0,0.0,0.0,1.0
1418801877322935931,0.0,0.0,0.0,0.0,0.0,1.0
1418801877373296308,0.0,0.0,0.0,0.0,0.0,1.0
1418801877423080043,0.0,0.0,0.0,0.0,0.0,1.0
1418801877472810155,0.0,0.0,0.0,0.0,0.0,1.0
1418801877522962613,0.0,0.0,0.0,0.0,0.0,1.0
1418801877572763079,0.0,0.0,0.0,0.0,0.0,1.0
1418801877623485228,0.0,0.0,0.0,0.0,0.0,1.0
1418801877672780833,0.0,0.0,0.0,0.0,0.0,1.0
1418801877722817539,0.0,0.0,0.0,0.0,0.0,1.0
1418801877772799802,0.0,0.0,0.0,0.0,0.0,1.0
1418801877822829796,0.0,0.0,0.0,0.0,0.0,1.0
1418801877872709676,0.0,0.0,0.0,0.0,0.0,1.0
1418801877922963955,0.0,0.0,0.0,0.0,0.0,1.0
1418801877972756549,0.0,0.0,0.0,0.0,0.0,1.0
1418801878023023946,0.0,0.0,0.0,0.0,0.0,1.0
1418801878072783580,0.0,0.0,0.0,0.0,0.0,1.0
1418801878122879311,0.0,0.0,0.0,0.0,0.0,1.0
1418801878172710697,0.0,0.0,0.0,0.0,0.0,1.0
1418801878222788139,0.0,0.0,0.0,0.0,0.0,1.0
1418801878272710474,0.0,0.0,0.0,0.0,0.0,1.0
1418801878322726465,0.0,0.0,0.0,0.0,0.0,1.0
1418801878372727665,0.0,0.0,0.0,0.0,0.0,1.0
1418801878425005812,0.0,0.0,0.0,0.0,0.0,1.0
1418801878472715797,0.0,0.0,0.0,0.0,0.0,1.0
1418801878523047696,0.0,0.0,0.0,0.0,0.0,1.0
1418801878572646724,0.0,0.0,0.0,0.0,0.0,1.0
1418801878624930327,0.0,0.0,0.0,0.0,0.0,1.0
1418801878672599093,0.0,0.0,0.0,0.0,0.0,1.0
1418801878722676474,0.0,0.0,0.0,0.0,0.0,1.0
1418801878772610853,0.0,0.0,0.0,0.0,0.0,1.0
1418801878822896711,0.0,0.0,0.0,0.0,0.0,1.0
1418801878872680996,0.0,0.0,0.0,0.0,0.0,1.0
1418801878922836909,0.0,0.0,0.0,0.0,0.0,1.0
1418801878972666844,0.0,0.0,0.0,0.0,0.0,1.0
1418801879023064078,0.0,0.0,0.0,0.0,0.0,1.0
1418801879072552985,0.0,0.0,0.0,0.0,0.0,1.0
1418801879122791189,0.0,0.0,0.0,0.0,0.0,1.0
1418801879172606918,0.0,0.0,0.0,0.0,0.0,1.0
1418801879222782078,0.0,0.0,0.0,0.0,0.0,1.0
1418801879274008465,0.0,0.0,0.0,0.0,0.0,1.0
1418801879322803435,0.0,0.0,0.0,0.0,0.0,1.0
1418801879372618179,0.0,0.0,0.0,0.0,0.0,1.0
1418801879422726786,0.0,0.0,0.0,0.0,0.0,1.0
1418801879472820585,0.0,0.0,0.0,0.0,0.0,1.0
1418801879522534699,0.0,0.0,0.0,0.0,0.0,1.0
1418801879572444545,0.0,0.0,0.0,0.0,0.0,1.0
1418801879627960766,0.0,0.0,0.0,0.0,0.0,1.0
1418801879672510468,0.0,0.0,0.0,0.0,0.0,1.0
1418801879722682770,0.0,0.0,0.0,0.0,0.0,1.0
1418801879773450917,0.0,0.0,0.0,0.0,0.0,1.0
1418801879822905514,0.0,0.0,0.0,0.0,0.0,1.0
1418801879872555231,0.0,0.0,0.0,0.0,0.0,1.0
1418801879924532051,0.0,0.0,0.0,0.0,0.0,1.0
1418801879972466594,0.0,0.0,0.0,0.0,0.0,1.0
1418801880022478754,0.0,0.0,0.0,0.0,0.0,1.0
1418801880072490587,0.0,0.0,0.0,0.0,0.0,1.0
1418801880122389452,0.0,0.0,0.0,0.0,0.0,1.0
1418801880172487864,0.0,0.0,0.0,0.0,0.0,1.0
1418801880222446492,0.0,0.0,0.0,0.0,0.0,1.0
1418801880272451672,0.0,0.0,0.0,0.0,0.0,1.0
1418801880322435293,0.0,0.0,0.0,0.0,0.0,1.0
1418801880375229949,0.0,0.0,0.0,0.0,0.0,1.0
1418801880423417311,0.0,0.0,0.0,0.0,0.0,1.0
1418801880473039083,0.0,0.0,0.0,0.0,0.0,0.766758089923
1418801880522340929,0.0,0.0,0.0,0.0,0.0,0.766758089923
1418801880572316260,0.0,0.0,0.0,0.0,0.0,0.4
1418801880622192132,0.0,0.0,0.0,0.0,0.0,0.4
1418801880674069561,0.0,0.0,0.0,0.0,0.0,1.0
1418801880724024338,0.0,0.0,0.0,0.0,0.0,1.0
1418801880774066299,0.0,0.0,0.0,0.0,0.0,1.0
1418801880829821413,0.0,0.0,0.0,0.0,0.0,1.0
1418801880873874049,0.0,0.0,0.0,0.0,0.0,1.0
1418801880924180523,0.0,0.0,0.0,0.0,0.0,1.0
1418801880973866349,0.0,0.0,0.0,0.0,0.0,1.0
1418801881025187776,0.0,0.0,0.0,0.0,0.0,1.0
1418801881073989702,0.0,0.0,0.0,0.0,0.0,1.0
1418801881124151346,0.0,0.0,0.0,0.0,0.0,1.0
1418801881174053090,0.0,0.0,0.0,0.0,0.0,1.0
1418801881223939747,0.0,0.0,0.0,0.0,0.0,1.0
1418801881274622447,0.0,0.0,0.0,0.0,0.0,1.0
1418801881323884215,0.0,0.0,0.0,0.0,0.0,1.0
1418801881374090857,0.0,0.0,0.0,0.0,0.0,1.0
1418801881423879148,0.0,0.0,0.0,0.0,0.0,1.0
1418801881474042228,0.0,0.0,0.0,0.0,0.0,1.0
1418801881523984288,0.0,0.0,0.0,0.0,0.0,1.0
1418801881574124251,0.0,0.0,0.0,0.0,0.0,1.0
1418801881623833791,0.0,0.0,0.0,0.0,0.0,1.0
1418801881673719077,0.0,0.0,0.0,0.0,0.0,1.0
1418801881723891026,0.0,0.0,0.0,0.0,0.0,1.0
1418801881773860611,0.0,0.0,0.0,0.0,0.0,1.0
1418801881823876146,0.0,0.0,0.0,0.0,0.0,1.0
1418801881873871180,0.0,0.0,0.0,0.0,0.0,1.0
1418801881923985106,0.0,0.0,0.0,0.0,0.0,1.0
1418801881973772981,0.0,0.0,0.0,0.0,0.0,1.0
1418801882023863834,0.0,0.0,0.0,0.0,0.0,1.0
1418801882073683592,0.0,0.0,0.0,0.0,0.0,1.0
1418801882124179634,0.0,0.0,0.0,0.0,0.0,1.0
1418801882173790045,0.0,0.0,0.0,0.0,0.0,1.0
1418801882223770967,0.0,0.0,0.0,0.0,0.0,1.0
1418801882273673924,0.0,0.0,0.0,0.0,0.0,1.0
1418801882323734982,0.0,0.0,0.0,0.0,0.0,1.0
1418801882373683022,0.0,0.0,0.0,0.0,0.0,1.0
1418801882424206180,0.0,0.0,0.0,0.0,0.0,1.0
1418801882473520478,0.0,0.0,0.0,0.0,0.0,1.0
1418801882523741015,0.0,0.0,0.0,0.0,0.0,1.0
1418801882573529087,0.0,0.0,0.0,0.0,0.0,1.0
1418801882623488837,0.0,0.0,0.0,0.0,0.0,1.0
1418801882673665898,0.0,0.0,0.0,0.0,0.0,1.0
1418801882725856894,0.0,0.0,0.0,0.0,0.0,1.0
1418801882773657660,0.0,0.0,0.0,0.0,0.0,1.0
1418801882823695135,0.0,0.0,0.0,0.0,0.0,1.0
1418801882873619653,0.0,0.0,0.0,0.0,0.0,1.0
1418801882923500808,0.0,0.0,0.0,0.0,0.0,1.0
1418801882973524052,0.0,0.0,0.0,0.0,0.0,1.0
1418801883023452852,0.0,0.0,0.0,0.0,0.0,1.0
1418801883073487969,0.0,0.0,0.0,0.0,0.0,1.0
1418801883123499841,0.0,0.0,0.0,0.0,0.0,1.0
1418801883173575602,0.0,0.0,0.0,0.0,0.0,1.0
1418801883223578859,0.0,0.0,0.0,0.0,0.0,1.0
1418801883273517924,0.0,0.0,0.0,0.0,0.0,1.0
1418801883323548939,0.0,0.0,0.0,0.0,0.0,1.0
1418801883373586894,0.0,0.0,0.0,0.0,0.0,1.0
1418801883423497578,0.0,0.0,0.0,0.0,0.0,1.0
1418801883473517892,0.0,0.0,0.0,0.0,0.0,1.0
1418801883523541871,0.0,0.0,0.0,0.0,0.0,1.0
1418801883573553888,0.0,0.0,0.0,0.0,0.0,1.0
1418801883623561189,0.0,0.0,0.0,0.0,0.0,1.0
1418801883673497764,0.0,0.0,0.0,0.0,0.0,1.0
1418801883723462470,0.0,0.0,0.0,0.0,0.0,1.0
1418801883774364580,0.0,0.0,0.0,0.0,0.0,1.0
1418801883823263632,0.0,0.0,0.0,0.0,0.0,1.0
1418801883873633479,0.0,0.0,0.0,0.0,0.0,1.0
1418801883923288463,0.0,0.0,0.0,0.0,0.0,1.0
1418801883973728952,0.0,0.0,0.0,0.0,0.0,1.0
1418801884023285385,0.0,0.0,0.0,0.0,0.0,1.0
1418801884073518985,0.0,0.0,0.0,0.0,0.0,1.0
1418801884123242636,0.0,0.0,0.0,0.0,0.0,1.0
1418801884173635089,0.0,0.0,0.0,0.0,0.0,1.0
1418801884227551658,0.0,0.0,0.0,0.0,0.0,1.0
1418801884273400324,0.0,0.0,0.0,0.0,0.0,1.0
1418801884323647950,0.0,0.0,0.0,0.0,0.0,1.0
1418801884373323301,0.0,0.0,0.0,0.0,0.0,1.0
1418801884423389213,0.0,0.0,0.0,0.0,0.0,1.0
1418801884473345312,0.0,0.0,0.0,0.0,0.0,1.0
1418801884523435933,0.0,0.0,0.0,0.0,0.0,1.0
1418801884573346876,0.0,0.0,0.0,0.0,0.0,1.0
1418801884626127779,0.0,0.0,0.0,0.0,0.0,1.0
1418801884682162850,0.0,0.0,0.0,0.0,0.0,1.0
1418801884723249271,0.0,0.0,0.0,0.0,0.0,1.0
1418801884773770894,0.0,0.0,0.0,0.0,0.0,1.0
1418801884798368519,0.0,0.0,0.0,0.0,0.0,0.0
1418801885023721665,0.0,0.0,0.0,0.0,0.0,0.0
1418801886941544505,0.125,0.0,0.0,0.0,0.0,1.0
1418801887188083870,0.125,0.0,0.0,0.0,0.0,1.0
1418801887442178261,0.320654928684,0.0,0.0,0.0,0.0,1.0
1418801887694816463,0.327652156353,0.0,0.0,0.0,0.0,1.0
1418801887943216142,0.40000000596,0.0,0.0,0.0,0.0,1.0
1418801888189311944,0.40000000596,0.0,0.0,0.0,0.0,1.0
1418801888442767174,0.230528131127,0.0,0.0,0.0,0.0,0.683792948723
1418801888693396746,0.223245888948,0.0,0.0,0.0,0.0,0.578329443932
1418801888941732808,0.20000000298,0.0,0.0,0.0,0.0,0.532717049122
1418801889193643799,0.20000000298,0.0,0.0,0.0,0.0,0.50640720129
1418801889444312933,0.20000000298,0.0,0.0,0.0,0.0,0.599882006645
1418801889692291413,0.20000000298,0.0,0.0,0.0,0.0,0.506379067898
1418801889941153460,0.20000000298,0.0,0.0,0.0,0.0,0.50643414259
1418801890191564201,0.20000000298,0.0,0.0,0.0,0.0,0.797284126282
1418801890441951200,0.20000000298,0.0,0.0,0.0,0.0,0.699800729752
1418801890687838471,0.20000000298,0.0,0.0,0.0,0.0,0.27295333147
1418801890944201414,0.20000000298,0.0,0.0,0.0,0.0,0.318144798279
1418801891127602275,0.0,0.0,0.0,0.0,0.0,0.0
1418801891377163052,0.0,0.0,0.0,0.0,0.0,0.0
1418801891627190918,0.0,0.0,0.0,0.0,0.0,0.0
1418801896507240260,0.25,0.0,0.0,0.0,0.0,-0.0526315793395
1418801896756308456,0.38421267271,0.0,0.0,0.0,0.0,-0.157894730568
1418801897006800867,0.40000000596,0.0,0.0,0.0,0.0,-0.157894730568
1418801897253889960,0.40000000596,0.0,0.0,0.0,0.0,-0.157894730568
1418801897500604167,0.40000000596,0.0,0.0,0.0,0.0,-0.0526315793395
1418801897755069933,0.40000000596,0.0,0.0,0.0,0.0,-0.0526315793395
1418801898000730780,0.40000000596,0.0,0.0,0.0,0.0,-0.0526315793395
1418801898258166599,0.234042420983,0.0,0.0,0.0,0.0,0.0526315793395
1418801898505398608,0.223475754261,0.0,0.0,0.0,0.0,0.0
1418801898754817131,0.202154695988,0.0,0.0,0.0,0.0,0.157894730568
1418801899004301882,0.20000000298,0.0,0.0,0.0,0.0,0.0
1418801899254383296,0.20000000298,0.0,0.0,0.0,0.0,0.0
1418801899504565458,0.20000000298,0.0,0.0,0.0,0.0,0.0526315793395
1418801899758319938,0.20000000298,0.0,0.0,0.0,0.0,0.0
1418801900009059869,0.20000000298,0.0,0.0,0.0,0.0,0.157894730568
1418801900258627603,0.20000000298,0.0,0.0,0.0,0.0,0.157894730568
1418801900503442301,0.20000000298,0.0,0.0,0.0,0.0,0.0526315793395
1418801900755441999,0.20000000298,0.0,0.0,0.0,0.0,0.263157904148
1418801901008027571,0.20000000298,0.0,0.0,0.0,0.0,0.0
1418801901190624987,0.0,0.0,0.0,0.0,0.0,0.0
1418801901440462575,0.0,0.0,0.0,0.0,0.0,0.0
1418801921901686435,0.0,0.0,0.0,0.0,0.0,-1.0
1418801922149942741,0.0,0.0,0.0,0.0,0.0,-1.0
1418801922399073321,0.0,0.0,0.0,0.0,0.0,-1.0
1418801922652448263,0.0,0.0,0.0,0.0,0.0,-1.0
1418801922895884095,0.0,0.0,0.0,0.0,0.0,-1.0
1418801923147083892,0.0,0.0,0.0,0.0,0.0,-1.0
1418801923407126168,0.0,0.0,0.0,0.0,0.0,-1.0
1418801923662835060,0.130300030112,0.0,0.0,0.0,0.0,-1.0
1418801923898972218,0.253530979156,0.0,0.0,0.0,0.0,-1.0
1418801924149887944,0.377180486917,0.0,0.0,0.0,0.0,-1.0
1418801924398414160,0.40000000596,0.0,0.0,0.0,0.0,-1.0
1418801924652127278,0.40000000596,0.0,0.0,0.0,0.0,-0.84974950552
1418801924899292421,0.40000000596,0.0,0.0,0.0,0.0,-0.68361479044
1418801925151862254,0.40000000596,0.0,0.0,0.0,0.0,-0.584824204445
1418801925401258720,0.40000000596,0.0,0.0,0.0,0.0,-0.647090017796
1418801925657183469,0.40000000596,0.0,0.0,0.0,0.0,-0.539536416531
1418801925905036179,0.40000000596,0.0,0.0,0.0,0.0,-0.454853117466
1418801926153564133,0.40000000596,0.0,0.0,0.0,0.0,-0.526060283184
1418801926400336190,0.230306133628,0.0,0.0,0.0,0.0,-0.415443450212
1418801926652247094,0.22310872376,0.0,0.0,0.0,0.0,-0.415326178074
1418801926894173272,0.20000000298,0.0,0.0,0.0,0.0,-0.336401492357
1418801927153316008,0.20000000298,0.0,0.0,0.0,0.0,-0.111390165985
1418801927402223529,0.20000000298,0.0,0.0,0.0,0.0,-0.263157904148
1418801927649478046,0.20000000298,0.0,0.0,0.0,0.0,-0.0526315793395
1418801927900956265,0.20000000298,0.0,0.0,0.0,0.0,0.0
1418801928172291956,0.20000000298,0.0,0.0,0.0,0.0,-0.0526315793395
1418801928404897998,0.20000000298,0.0,0.0,0.0,0.0,0.0526315793395
1418801928647861502,0.20000000298,0.0,0.0,0.0,0.0,0.0
1418801928835793549,0.0,0.0,0.0,0.0,0.0,0.0
1418801929084758095,0.0,0.0,0.0,0.0,0.0,0.0
1418801929335852846,0.0,0.0,0.0,0.0,0.0,0.0
1418801932308439994,0.0,0.0,0.0,0.0,0.0,-1.0
1418801932562027439,0.0,0.0,0.0,0.0,0.0,-1.0
1418801932816229112,0.0,0.0,0.0,0.0,0.0,-1.0
1418801933072168828,0.0,0.0,0.0,0.0,0.0,-1.0
1418801933316356851,0.0,0.0,0.0,0.0,0.0,-1.0
1418801933562118528,0.0,0.0,0.0,0.0,0.0,-1.0
1418801933816625731,0.0,0.0,0.0,0.0,0.0,-1.0
1418801934062464440,0.130296066403,0.0,0.0,0.0,0.0,-1.0
1418801934307454729,0.274648725986,0.0,0.0,0.0,0.0,-1.0
1418801934560650915,0.384252905846,0.0,0.0,0.0,0.0,-1.0
1418801934814058475,0.40000000596,0.0,0.0,0.0,0.0,-0.924839913845
1418801935066483091,0.40000000596,0.0,0.0,0.0,0.0,-0.841939210892
1418801935315592509,0.40000000596,0.0,0.0,0.0,0.0,-0.662832677364
1418801935564313659,0.40000000596,0.0,0.0,0.0,0.0,-0.662822008133
1418801935811967244,0.40000000596,0.0,0.0,0.0,0.0,-0.636610925198
1418801936062649518,0.230453938246,0.0,0.0,0.0,0.0,-0.641843378544
1418801936313280708,0.223420858383,0.0,0.0,0.0,0.0,-0.641869068146
1418801936562037853,0.20000000298,0.0,0.0,0.0,0.0,-0.585230708122
1418801936812131700,0.20000000298,0.0,0.0,0.0,0.0,-0.539266943932
1418801937068459343,0.20000000298,0.0,0.0,0.0,0.0,-0.35469481349
1418801937314218772,0.20000000298,0.0,0.0,0.0,0.0,-0.519468426704
1418801937562884214,0.20000000298,0.0,0.0,0.0,0.0,-0.299666583538
1418801937811319098,0.20000000298,0.0,0.0,0.0,0.0,-0.391917765141
1418801938003125895,0.0,0.0,0.0,0.0,0.0,0.0
1418801938247513014,0.0,0.0,0.0,0.0,0.0,0.0
1418801938497600065,0.0,0.0,0.0,0.0,0.0,0.0
1418801951680119963,0.0,0.0,0.0,0.0,0.0,0.0
1418801951922601642,0.0,0.0,0.0,0.0,0.0,0.0
1418801952157766906,0.0,0.0,0.0,0.0,0.0,1.0
1418801952207530203,0.0,0.0,0.0,0.0,0.0,1.0
1418801952257520300,0.0,0.0,0.0,0.0,0.0,1.0
1418801952307475225,0.0,0.0,0.0,0.0,0.0,1.0
1418801952358032562,0.0,0.0,0.0,0.0,0.0,1.0
1418801952407523621,0.0,0.0,0.0,0.0,0.0,1.0
1418801952460591396,0.0,0.0,0.0,0.0,0.0,1.0
1418801952509196576,0.0,0.0,0.0,0.0,0.0,1.0
1418801952558489088,0.0,0.0,0.0,0.0,0.0,1.0
1418801952610641761,0.0,0.0,0.0,0.0,0.0,1.0
1418801952657384117,0.0,0.0,0.0,0.0,0.0,1.0
1418801952707404543,0.0,0.0,0.0,0.0,0.0,1.0
1418801952757399019,0.0,0.0,0.0,0.0,0.0,1.0
1418801952808213387,0.0,0.0,0.0,0.0,0.0,1.0
1418801952857359755,0.0,0.0,0.0,0.0,0.0,1.0
1418801952907431705,0.0,0.0,0.0,0.0,0.0,1.0
1418801952957308614,0.0,0.0,0.0,0.0,0.0,1.0
1418801953009427703,0.0,0.0,0.0,0.0,0.0,1.0
1418801953057235132,0.0,0.0,0.0,0.0,0.0,1.0
1418801953107323117,0.0,0.0,0.0,0.0,0.0,1.0
1418801953157204405,0.0,0.0,0.0,0.0,0.0,1.0
1418801953208306413,0.0,0.0,0.0,0.0,0.0,1.0
1418801953257169327,0.0,0.0,0.0,0.0,0.0,1.0
1418801953307186020,0.0,0.0,0.0,0.0,0.0,1.0
1418801953361876929,0.0,0.0,0.0,0.0,0.0,1.0
1418801953407417059,0.0,0.0,0.0,0.0,0.0,1.0
1418801953457198789,0.0,0.0,0.0,0.0,0.0,1.0
1418801953507182080,0.0,0.0,0.0,0.0,0.0,1.0
1418801953557123941,0.0,0.0,0.0,0.0,0.0,1.0
1418801953611033236,0.0,0.0,0.0,0.0,0.0,1.0
1418801953657060138,0.0,0.0,0.0,0.0,0.0,1.0
1418801953707161330,0.0,0.0,0.0,0.0,0.0,1.0
1418801953757137992,0.0,0.0,0.0,0.0,0.0,1.0
1418801953807282414,0.0,0.0,0.0,0.0,0.0,1.0
1418801953857155385,0.0,0.0,0.0,0.0,0.0,1.0
1418801953907141416,0.0,0.0,0.0,0.0,0.0,1.0
1418801953957101291,0.0,0.0,0.0,0.0,0.0,1.0
1418801954008240616,0.0,0.0,0.0,0.0,0.0,1.0
1418801954057183248,0.0,0.0,0.0,0.0,0.0,1.0
1418801954107001797,0.0,0.0,0.0,0.0,0.0,1.0
1418801954157051137,0.0,0.0,0.0,0.0,0.0,1.0
1418801954207043399,0.0,0.0,0.0,0.0,0.0,1.0
1418801954257040872,0.0,0.0,0.0,0.0,0.0,1.0
1418801954307051253,0.0,0.0,0.0,0.0,0.0,1.0
1418801954357102421,0.0,0.0,0.0,0.0,0.0,1.0
1418801954407148821,0.0,0.0,0.0,0.0,0.0,1.0
1418801954457030685,0.0,0.0,0.0,0.0,0.0,1.0
1418801954508876092,0.0,0.0,0.0,0.0,0.0,1.0
1418801954557105057,0.0,0.0,0.0,0.0,0.0,1.0
1418801954610867152,0.0,0.0,0.0,0.0,0.0,1.0
1418801954657277461,0.0,0.0,0.0,0.0,0.0,1.0
1418801954707023311,0.0,0.0,0.0,0.0,0.0,1.0
1418801954757022956,0.0,0.0,0.0,0.0,0.0,1.0
1418801954806987313,0.0,0.0,0.0,0.0,0.0,1.0
1418801954856918813,0.0,0.0,0.0,0.0,0.0,1.0
1418801954906865546,0.0,0.0,0.0,0.0,0.0,1.0
1418801954956936222,0.0,0.0,0.0,0.0,0.0,1.0
1418801955007003287,0.0,0.0,0.0,0.0,0.0,1.0
1418801955057002383,0.0,0.0,0.0,0.0,0.0,1.0
1418801955107010306,0.0,0.0,0.0,0.0,0.0,1.0
1418801955156892726,0.0,0.0,0.0,0.0,0.0,1.0
1418801955207109225,0.0,0.0,0.0,0.0,0.0,1.0
1418801955257087162,0.0,0.0,0.0,0.0,0.0,1.0
1418801955306814580,0.0,0.0,0.0,0.0,0.0,1.0
1418801955356849467,0.0,0.0,0.0,0.0,0.0,1.0
1418801955406880817,0.0,0.0,0.0,0.0,0.0,1.0
1418801955456800754,0.0,0.0,0.0,0.0,0.0,1.0
1418801955506878580,0.0,0.0,0.0,0.0,0.0,1.0
1418801955556825703,0.0,0.0,0.0,0.0,0.0,1.0
1418801955607232768,0.0,0.0,0.0,0.0,0.0,1.0
1418801955656784275,0.0,0.0,0.0,0.0,0.0,1.0
1418801955706816381,0.0,0.0,0.0,0.0,0.0,1.0
1418801955756660526,0.0,0.0,0.0,0.0,0.0,1.0
1418801955808949107,0.0,0.0,0.0,0.0,0.0,1.0
1418801955856679625,0.0,0.0,0.0,0.0,0.0,1.0
1418801955906706197,0.0,0.0,0.0,0.0,0.0,1.0
1418801955956774761,0.0,0.0,0.0,0.0,0.0,1.0
1418801956006796531,0.0,0.0,0.0,0.0,0.0,1.0
1418801956056727609,0.0,0.0,0.0,0.0,0.0,1.0
1418801956107424516,0.0,0.0,0.0,0.0,0.0,1.0
1418801956156670045,0.0,0.0,0.0,0.0,0.0,1.0
1418801956211928531,0.0,0.0,0.0,0.0,0.0,1.0
1418801956256594056,0.0,0.0,0.0,0.0,0.0,1.0
1418801956306656020,0.0,0.0,0.0,0.0,0.0,1.0
1418801956356621388,0.0,0.0,0.0,0.0,0.0,0.828789201155
1418801956406771001,0.0,0.0,0.0,0.0,0.0,0.828789201155
1418801956456663380,0.0,0.0,0.0,0.0,0.0,0.545921386744
1418801956506730004,0.0,0.0,0.0,0.0,0.0,0.545921386744
1418801956558293695,0.0,0.0,0.0,0.0,0.0,1.0
1418801956620654150,0.0,0.0,0.0,0.0,0.0,1.0
1418801956659217373,0.0,0.0,0.0,0.0,0.0,1.0
1418801956708322619,0.0,0.0,0.0,0.0,0.0,1.0
1418801956758101329,0.0,0.0,0.0,0.0,0.0,1.0
1418801956808529288,0.0,0.0,0.0,0.0,0.0,1.0
1418801956858234905,0.0,0.0,0.0,0.0,0.0,1.0
1418801956908492493,0.0,0.0,0.0,0.0,0.0,1.0
1418801956958196527,0.0,0.0,0.0,0.0,0.0,1.0
1418801957008238264,0.0,0.0,0.0,0.0,0.0,1.0
1418801957068662748,0.0,0.0,0.0,0.0,0.0,1.0
1418801957108235170,0.0,0.0,0.0,0.0,0.0,1.0
1418801957158136587,0.0,0.0,0.0,0.0,0.0,1.0
1418801957210471502,0.0,0.0,0.0,0.0,0.0,1.0
1418801957258179624,0.0,0.0,0.0,0.0,0.0,1.0
1418801957308185300,0.0,0.0,0.0,0.0,0.0,1.0
1418801957358071001,0.0,0.0,0.0,0.0,0.0,1.0
1418801957408178724,0.0,0.0,0.0,0.0,0.0,1.0
1418801957458254203,0.0,0.0,0.0,0.0,0.0,1.0
1418801957512593805,0.0,0.0,0.0,0.0,0.0,1.0
1418801957558349426,0.0,0.0,0.0,0.0,0.0,1.0
1418801957613919483,0.0,0.0,0.0,0.0,0.0,1.0
1418801957658052852,0.0,0.0,0.0,0.0,0.0,1.0
1418801957708207696,0.0,0.0,0.0,0.0,0.0,1.0
1418801957758411577,0.0,0.0,0.0,0.0,0.0,1.0
1418801957808148636,0.0,0.0,0.0,0.0,0.0,1.0
1418801957858456852,0.0,0.0,0.0,0.0,0.0,1.0
1418801957908077266,0.0,0.0,0.0,0.0,0.0,1.0
1418801957958894464,0.0,0.0,0.0,0.0,0.0,1.0
1418801958009522040,0.0,0.0,0.0,0.0,0.0,1.0
1418801958057919086,0.0,0.0,0.0,0.0,0.0,1.0
1418801958107968148,0.0,0.0,0.0,0.0,0.0,1.0
1418801958158057954,0.0,0.0,0.0,0.0,0.0,1.0
1418801958207982077,0.0,0.0,0.0,0.0,0.0,1.0
1418801958258139806,0.0,0.0,0.0,0.0,0.0,1.0
1418801958307940706,0.0,0.0,0.0,0.0,0.0,1.0
1418801958357920469,0.0,0.0,0.0,0.0,0.0,1.0
1418801958413168243,0.0,0.0,0.0,0.0,0.0,1.0
1418801958458757413,0.0,0.0,0.0,0.0,0.0,1.0
1418801958507930222,0.0,0.0,0.0,0.0,0.0,1.0
1418801958558366947,0.0,0.0,0.0,0.0,0.0,1.0
1418801958607916843,0.0,0.0,0.0,0.0,0.0,1.0
1418801958657865134,0.0,0.0,0.0,0.0,0.0,1.0
1418801958708351742,0.0,0.0,0.0,0.0,0.0,1.0
1418801958758073536,0.0,0.0,0.0,0.0,0.0,1.0
1418801958809240323,0.0,0.0,0.0,0.0,0.0,1.0
1418801958858187472,0.0,0.0,0.0,0.0,0.0,1.0
1418801958907924392,0.0,0.0,0.0,0.0,0.0,1.0
1418801958957873905,0.0,0.0,0.0,0.0,0.0,1.0
1418801959015995366,0.0,0.0,0.0,0.0,0.0,1.0
1418801959057981906,0.0,0.0,0.0,0.0,0.0,1.0
1418801959107838378,0.0,0.0,0.0,0.0,0.0,1.0
1418801959157770321,0.0,0.0,0.0,0.0,0.0,1.0
1418801959207766695,0.0,0.0,0.0,0.0,0.0,1.0
1418801959257781587,0.0,0.0,0.0,0.0,0.0,1.0
1418801959307845258,0.0,0.0,0.0,0.0,0.0,1.0
1418801959357702039,0.0,0.0,0.0,0.0,0.0,1.0
1418801959410401430,0.0,0.0,0.0,0.0,0.0,1.0
1418801959457649888,0.0,0.0,0.0,0.0,0.0,1.0
1418801959507758422,0.0,0.0,0.0,0.0,0.0,1.0
1418801959557818144,0.0,0.0,0.0,0.0,0.0,1.0
1418801959616843028,0.0,0.0,0.0,0.0,0.0,1.0
1418801959657790879,0.0,0.0,0.0,0.0,0.0,1.0
1418801959707820543,0.0,0.0,0.0,0.0,0.0,1.0
1418801959757690233,0.0,0.0,0.0,0.0,0.0,1.0
1418801959811250533,0.0,0.0,0.0,0.0,0.0,1.0
1418801959857529622,0.0,0.0,0.0,0.0,0.0,1.0
1418801959907640187,0.0,0.0,0.0,0.0,0.0,1.0
1418801959958353511,0.0,0.0,0.0,0.0,0.0,1.0
1418801960007771116,0.0,0.0,0.0,0.0,0.0,1.0
1418801960057684695,0.0,0.0,0.0,0.0,0.0,1.0
1418801960107735529,0.0,0.0,0.0,0.0,0.0,1.0
1418801960157703792,0.0,0.0,0.0,0.0,0.0,1.0
1418801960212114500,0.0,0.0,0.0,0.0,0.0,1.0
1418801960257525542,0.0,0.0,0.0,0.0,0.0,1.0
1418801960307562393,0.0,0.0,0.0,0.0,0.0,1.0
1418801960357498732,0.0,0.0,0.0,0.0,0.0,1.0
1418801960407644609,0.0,0.0,0.0,0.0,0.0,1.0
1418801960457533610,0.0,0.0,0.0,0.0,0.0,1.0
1418801960507490008,0.0,0.0,0.0,0.0,0.0,1.0
1418801960557646928,0.0,0.0,0.0,0.0,0.0,1.0
1418801960609395095,0.0,0.0,0.0,0.0,0.0,1.0
1418801960657549005,0.0,0.0,0.0,0.0,0.0,1.0
1418801960659417310,0.0,0.0,0.0,0.0,0.0,0.0
1418801960922385627,0.0,0.0,0.0,0.0,0.0,0.0
1418801961158762266,0.0,0.0,0.0,0.0,0.0,1.0
1418801961209911413,0.0,0.0,0.0,0.0,0.0,1.0
1418801961258690860,0.0,0.0,0.0,0.0,0.0,1.0
1418801961308646499,0.0,0.0,0.0,0.0,0.0,1.0
1418801961358617109,0.0,0.0,0.0,0.0,0.0,1.0
1418801961408614391,0.0,0.0,0.0,0.0,0.0,1.0
1418801961458723429,0.0,0.0,0.0,0.0,0.0,1.0
1418801961508655848,0.0,0.0,0.0,0.0,0.0,1.0
1418801961558758485,0.0,0.0,0.0,0.0,0.0,1.0
1418801961566498431,0.0,0.0,0.0,0.0,0.0,0.0
1418801961657996357,0.0,0.0,0.0,0.0,0.0,0.0
1418801966048458121,0.0,0.0,0.0,0.0,0.0,0.0
1418801966324595357,0.0,0.0,0.0,0.0,0.0,0.0
1418801966548103893,0.0,0.0,0.0,0.0,0.0,1.0
1418801966606160446,0.0,0.0,0.0,0.0,0.0,1.0
1418801966648230477,0.0,0.0,0.0,0.0,0.0,1.0
1418801966698084796,0.0,0.0,0.0,0.0,0.0,1.0
1418801966748122300,0.0,0.0,0.0,0.0,0.0,1.0
1418801966798313520,0.0,0.0,0.0,0.0,0.0,1.0
1418801966848481232,0.0,0.0,0.0,0.0,0.0,1.0
1418801966899102765,0.0,0.0,0.0,0.0,0.0,1.0
1418801966948029627,0.0,0.0,0.0,0.0,0.0,1.0
1418801966998063774,0.0,0.0,0.0,0.0,0.0,1.0
1418801967049270233,0.0,0.0,0.0,0.0,0.0,1.0
1418801967109194111,0.0,0.0,0.0,0.0,0.0,1.0
1418801967148113927,0.0,0.0,0.0,0.0,0.0,1.0
1418801967198064980,0.0,0.0,0.0,0.0,0.0,1.0
1418801967248050463,0.0,0.0,0.0,0.0,0.0,1.0
1418801967298007794,0.0,0.0,0.0,0.0,0.0,1.0
1418801967348027139,0.0,0.0,0.0,0.0,0.0,1.0
1418801967399453619,0.0,0.0,0.0,0.0,0.0,1.0
1418801967448002914,0.0,0.0,0.0,0.0,0.0,1.0
1418801967497863064,0.0,0.0,0.0,0.0,0.0,1.0
1418801967547888367,0.0,0.0,0.0,0.0,0.0,1.0
1418801967598086480,0.0,0.0,0.0,0.0,0.0,1.0
1418801967647952582,0.0,0.0,0.0,0.0,0.0,1.0
1418801967697895621,0.0,0.0,0.0,0.0,0.0,1.0
1418801967748061453,0.0,0.0,0.0,0.0,0.0,1.0
1418801967798134060,0.0,0.0,0.0,0.0,0.0,1.0
1418801967847834059,0.0,0.0,0.0,0.0,0.0,1.0
1418801967897815918,0.0,0.0,0.0,0.0,0.0,1.0
1418801967947735843,0.0,0.0,0.0,0.0,0.0,1.0
1418801968001362362,0.0,0.0,0.0,0.0,0.0,1.0
1418801968047918913,0.0,0.0,0.0,0.0,0.0,1.0
1418801968106133380,0.0,0.0,0.0,0.0,0.0,1.0
1418801968147851440,0.0,0.0,0.0,0.0,0.0,1.0
1418801968197823518,0.0,0.0,0.0,0.0,0.0,1.0
1418801968247749779,0.0,0.0,0.0,0.0,0.0,1.0
1418801968297861804,0.0,0.0,0.0,0.0,0.0,1.0
1418801968347695423,0.0,0.0,0.0,0.0,0.0,1.0
1418801968398050539,0.0,0.0,0.0,0.0,0.0,1.0
1418801968447755057,0.0,0.0,0.0,0.0,0.0,1.0
1418801968497729424,0.0,0.0,0.0,0.0,0.0,1.0
1418801968547752385,0.0,0.0,0.0,0.0,0.0,1.0
1418801968605780861,0.0,0.0,0.0,0.0,0.0,1.0
1418801968647809955,0.0,0.0,0.0,0.0,0.0,1.0
1418801968697668553,0.0,0.0,0.0,0.0,0.0,1.0
1418801968747781778,0.0,0.0,0.0,0.0,0.0,1.0
1418801968797813506,0.0,0.0,0.0,0.0,0.0,1.0
1418801968847794336,0.0,0.0,0.0,0.0,0.0,1.0
1418801968897726642,0.0,0.0,0.0,0.0,0.0,1.0
1418801968947540136,0.0,0.0,0.0,0.0,0.0,1.0
1418801968997915561,0.0,0.0,0.0,0.0,0.0,1.0
1418801969049580362,0.0,0.0,0.0,0.0,0.0,1.0
1418801969105501233,0.0,0.0,0.0,0.0,0.0,1.0
1418801969147523304,0.0,0.0,0.0,0.0,0.0,1.0
1418801969199007633,0.0,0.0,0.0,0.0,0.0,1.0
1418801969247586912,0.0,0.0,0.0,0.0,0.0,1.0
1418801969297596053,0.0,0.0,0.0,0.0,0.0,1.0
1418801969347977114,0.0,0.0,0.0,0.0,0.0,1.0
1418801969397571877,0.0,0.0,0.0,0.0,0.0,1.0
1418801969447554202,0.0,0.0,0.0,0.0,0.0,1.0
1418801969497539029,0.0,0.0,0.0,0.0,0.0,1.0
1418801969547493462,0.0,0.0,0.0,0.0,0.0,1.0
1418801969598957153,0.0,0.0,0.0,0.0,0.0,1.0
1418801969658623288,0.0,0.0,0.0,0.0,0.0,1.0
1418801969697430987,0.0,0.0,0.0,0.0,0.0,1.0
1418801969747740608,0.0,0.0,0.0,0.0,0.0,1.0
1418801969797406506,0.0,0.0,0.0,0.0,0.0,1.0
1418801969852762605,0.0,0.0,0.0,0.0,0.0,1.0
1418801969897486630,0.0,0.0,0.0,0.0,0.0,1.0
1418801969947521533,0.0,0.0,0.0,0.0,0.0,1.0
1418801969997463934,0.0,0.0,0.0,0.0,0.0,1.0
1418801970047384108,0.0,0.0,0.0,0.0,0.0,1.0
1418801970102798918,0.0,0.0,0.0,0.0,0.0,1.0
1418801970147462124,0.0,0.0,0.0,0.0,0.0,1.0
1418801970198043171,0.0,0.0,0.0,0.0,0.0,1.0
1418801970247372002,0.0,0.0,0.0,0.0,0.0,1.0
1418801970297540344,0.0,0.0,0.0,0.0,0.0,1.0
1418801970347432773,0.0,0.0,0.0,0.0,0.0,1.0
1418801970397765038,0.0,0.0,0.0,0.0,0.0,1.0
1418801970447384160,0.0,0.0,0.0,0.0,0.0,1.0
1418801970497396476,0.0,0.0,0.0,0.0,0.0,1.0
1418801970547468523,0.0,0.0,0.0,0.0,0.0,1.0
1418801970597488472,0.0,0.0,0.0,0.0,0.0,1.0
1418801970647540774,0.0,0.0,0.0,0.0,0.0,1.0
1418801970697475747,0.0,0.0,0.0,0.0,0.0,1.0
1418801970747417462,0.0,0.0,0.0,0.0,0.0,0.710873581601
1418801970797423773,0.0,0.0,0.0,0.0,0.0,0.710873581601
1418801970847413188,0.0,0.0,0.0,0.0,0.0,0.4
1418801970903106873,0.0,0.0,0.0,0.0,0.0,0.4
1418801970949102225,0.0,0.0,0.0,0.0,0.0,1.0
1418801971003739149,0.0,0.0,0.0,0.0,0.0,1.0
1418801971049165696,0.0,0.0,0.0,0.0,0.0,1.0
1418801971099842506,0.0,0.0,0.0,0.0,0.0,1.0
1418801971149163803,0.0,0.0,0.0,0.0,0.0,1.0
1418801971200581130,0.0,0.0,0.0,0.0,0.0,1.0
1418801971249025870,0.0,0.0,0.0,0.0,0.0,1.0
1418801971299122854,0.0,0.0,0.0,0.0,0.0,1.0
1418801971349022659,0.0,0.0,0.0,0.0,0.0,1.0
1418801971398924560,0.0,0.0,0.0,0.0,0.0,1.0
1418801971449052305,0.0,0.0,0.0,0.0,0.0,1.0
1418801971498888375,0.0,0.0,0.0,0.0,0.0,1.0
1418801971548965928,0.0,0.0,0.0,0.0,0.0,1.0
1418801971605874907,0.0,0.0,0.0,0.0,0.0,1.0
1418801971648854098,0.0,0.0,0.0,0.0,0.0,1.0
1418801971698665241,0.0,0.0,0.0,0.0,0.0,1.0
1418801971748788626,0.0,0.0,0.0,0.0,0.0,1.0
1418801971799586228,0.0,0.0,0.0,0.0,0.0,1.0
1418801971849239772,0.0,0.0,0.0,0.0,0.0,1.0
1418801971898797182,0.0,0.0,0.0,0.0,0.0,1.0
1418801971949068504,0.0,0.0,0.0,0.0,0.0,1.0
1418801971998775320,0.0,0.0,0.0,0.0,0.0,1.0
1418801972048708111,0.0,0.0,0.0,0.0,0.0,1.0
1418801972100257045,0.0,0.0,0.0,0.0,0.0,1.0
1418801972148810443,0.0,0.0,0.0,0.0,0.0,1.0
1418801972202574713,0.0,0.0,0.0,0.0,0.0,1.0
1418801972248755506,0.0,0.0,0.0,0.0,0.0,1.0
1418801972298684509,0.0,0.0,0.0,0.0,0.0,1.0
1418801972349048311,0.0,0.0,0.0,0.0,0.0,1.0
1418801972398836366,0.0,0.0,0.0,0.0,0.0,1.0
1418801972448651171,0.0,0.0,0.0,0.0,0.0,1.0
1418801972498813875,0.0,0.0,0.0,0.0,0.0,1.0
1418801972548774666,0.0,0.0,0.0,0.0,0.0,1.0
1418801972602876309,0.0,0.0,0.0,0.0,0.0,1.0
1418801972648592570,0.0,0.0,0.0,0.0,0.0,1.0
1418801972698830979,0.0,0.0,0.0,0.0,0.0,1.0
1418801972748712945,0.0,0.0,0.0,0.0,0.0,1.0
1418801972798688595,0.0,0.0,0.0,0.0,0.0,1.0
1418801972848634300,0.0,0.0,0.0,0.0,0.0,1.0
1418801972906619854,0.0,0.0,0.0,0.0,0.0,1.0
1418801972948598532,0.0,0.0,0.0,0.0,0.0,1.0
1418801973000211519,0.0,0.0,0.0,0.0,0.0,1.0
1418801973048491519,0.0,0.0,0.0,0.0,0.0,1.0
1418801973100354493,0.0,0.0,0.0,0.0,0.0,1.0
1418801973148556742,0.0,0.0,0.0,0.0,0.0,1.0
1418801973198563176,0.0,0.0,0.0,0.0,0.0,1.0
1418801973248316666,0.0,0.0,0.0,0.0,0.0,1.0
1418801973298510034,0.0,0.0,0.0,0.0,0.0,1.0
1418801973355904884,0.0,0.0,0.0,0.0,0.0,1.0
1418801973402259287,0.0,0.0,0.0,0.0,0.0,1.0
1418801973448486988,0.0,0.0,0.0,0.0,0.0,1.0
1418801973498585787,0.0,0.0,0.0,0.0,0.0,1.0
1418801973548507440,0.0,0.0,0.0,0.0,0.0,1.0
1418801973598601779,0.0,0.0,0.0,0.0,0.0,1.0
1418801973648877773,0.0,0.0,0.0,0.0,0.0,1.0
1418801973698521524,0.0,0.0,0.0,0.0,0.0,1.0
1418801973748472275,0.0,0.0,0.0,0.0,0.0,1.0
1418801973804050050,0.0,0.0,0.0,0.0,0.0,1.0
1418801973848637989,0.0,0.0,0.0,0.0,0.0,1.0
1418801973898618260,0.0,0.0,0.0,0.0,0.0,1.0
1418801973948400779,0.0,0.0,0.0,0.0,0.0,1.0
1418801974002374151,0.0,0.0,0.0,0.0,0.0,1.0
1418801974048541302,0.0,0.0,0.0,0.0,0.0,1.0
1418801974107372659,0.0,0.0,0.0,0.0,0.0,1.0
1418801974148390141,0.0,0.0,0.0,0.0,0.0,1.0
1418801974201585592,0.0,0.0,0.0,0.0,0.0,1.0
1418801974249466082,0.0,0.0,0.0,0.0,0.0,1.0
1418801974298608891,0.0,0.0,0.0,0.0,0.0,1.0
1418801974348137351,0.0,0.0,0.0,0.0,0.0,1.0
1418801974404410256,0.0,0.0,0.0,0.0,0.0,1.0
1418801974448356348,0.0,0.0,0.0,0.0,0.0,1.0
1418801974498353433,0.0,0.0,0.0,0.0,0.0,1.0
1418801974548402951,0.0,0.0,0.0,0.0,0.0,1.0
1418801974606325171,0.0,0.0,0.0,0.0,0.0,1.0
1418801974648402530,0.0,0.0,0.0,0.0,0.0,1.0
1418801974699125200,0.0,0.0,0.0,0.0,0.0,1.0
1418801974748413930,0.0,0.0,0.0,0.0,0.0,1.0
1418801974798867659,0.0,0.0,0.0,0.0,0.0,1.0
1418801974848391350,0.0,0.0,0.0,0.0,0.0,1.0
1418801974898275680,0.0,0.0,0.0,0.0,0.0,1.0
1418801974948232739,0.0,0.0,0.0,0.0,0.0,1.0
1418801975001120060,0.0,0.0,0.0,0.0,0.0,1.0
1418801975048176349,0.0,0.0,0.0,0.0,0.0,1.0
1418801975107496300,0.0,0.0,0.0,0.0,0.0,1.0
1418801975149945562,0.0,0.0,0.0,0.0,0.0,1.0
1418801975178904067,0.0,0.0,0.0,0.0,0.0,0.0
1418801975421440773,0.0,0.0,0.0,0.0,0.0,0.0
1418801975649420633,0.0,0.0,0.0,0.0,0.0,1.0
1418801975699470612,0.0,0.0,0.0,0.0,0.0,1.0
1418801975749336928,0.0,0.0,0.0,0.0,0.0,1.0
1418801975801065044,0.0,0.0,0.0,0.0,0.0,1.0
1418801975849469619,0.0,0.0,0.0,0.0,0.0,1.0
1418801975899601096,0.0,0.0,0.0,0.0,0.0,1.0
1418801975949535695,0.0,0.0,0.0,0.0,0.0,1.0
1418801975999594229,0.0,0.0,0.0,0.0,0.0,1.0
1418801976049408630,0.0,0.0,0.0,0.0,0.0,1.0
1418801976067610551,0.0,0.0,0.0,0.0,0.0,0.0
1418801976148669975,0.0,0.0,0.0,0.0,0.0,0.0
1418801980653363246,0.0,0.0,0.0,0.0,0.0,0.0
1418801980899162289,0.0,0.0,0.0,0.0,0.0,0.0
1418801981123921170,0.0,0.0,0.0,0.0,0.0,1.0
1418801981174034511,0.0,0.0,0.0,0.0,0.0,1.0
1418801981224433524,0.0,0.0,0.0,0.0,0.0,1.0
1418801981273734927,0.0,0.0,0.0,0.0,0.0,1.0
1418801981323841162,0.0,0.0,0.0,0.0,0.0,1.0
1418801981373742082,0.0,0.0,0.0,0.0,0.0,1.0
1418801981423834139,0.0,0.0,0.0,0.0,0.0,1.0
1418801981474017233,0.0,0.0,0.0,0.0,0.0,1.0
1418801981523927235,0.0,0.0,0.0,0.0,0.0,1.0
1418801981574802423,0.0,0.0,0.0,0.0,0.0,1.0
1418801981623834157,0.0,0.0,0.0,0.0,0.0,1.0
1418801981673729882,0.0,0.0,0.0,0.0,0.0,1.0
1418801981723861248,0.0,0.0,0.0,0.0,0.0,1.0
1418801981774043009,0.0,0.0,0.0,0.0,0.0,1.0
1418801981823931431,0.0,0.0,0.0,0.0,0.0,1.0
1418801981873632771,0.0,0.0,0.0,0.0,0.0,1.0
1418801981923718616,0.0,0.0,0.0,0.0,0.0,1.0
1418801981973664795,0.0,0.0,0.0,0.0,0.0,1.0
1418801982028849724,0.0,0.0,0.0,0.0,0.0,1.0
1418801982073479675,0.0,0.0,0.0,0.0,0.0,1.0
1418801982123508023,0.0,0.0,0.0,0.0,0.0,1.0
1418801982173507473,0.0,0.0,0.0,0.0,0.0,1.0
1418801982223478000,0.0,0.0,0.0,0.0,0.0,1.0
1418801982273490018,0.0,0.0,0.0,0.0,0.0,1.0
1418801982323559058,0.0,0.0,0.0,0.0,0.0,1.0
1418801982373575701,0.0,0.0,0.0,0.0,0.0,1.0
1418801982423512259,0.0,0.0,0.0,0.0,0.0,1.0
1418801982474761722,0.0,0.0,0.0,0.0,0.0,1.0
1418801982523675756,0.0,0.0,0.0,0.0,0.0,1.0
1418801982573550118,0.0,0.0,0.0,0.0,0.0,1.0
1418801982623607124,0.0,0.0,0.0,0.0,0.0,1.0
1418801982673628997,0.0,0.0,0.0,0.0,0.0,1.0
1418801982723801286,0.0,0.0,0.0,0.0,0.0,1.0
1418801982773585867,0.0,0.0,0.0,0.0,0.0,1.0
1418801982823798962,0.0,0.0,0.0,0.0,0.0,1.0
1418801982873971561,0.0,0.0,0.0,0.0,0.0,1.0
1418801982924979398,0.0,0.0,0.0,0.0,0.0,1.0
1418801982973280384,0.0,0.0,0.0,0.0,0.0,1.0
1418801983023937474,0.0,0.0,0.0,0.0,0.0,1.0
1418801983073336520,0.0,0.0,0.0,0.0,0.0,1.0
1418801983123440384,0.0,0.0,0.0,0.0,0.0,1.0
1418801983173388796,0.0,0.0,0.0,0.0,0.0,1.0
1418801983223373413,0.0,0.0,0.0,0.0,0.0,1.0
1418801983275784370,0.0,0.0,0.0,0.0,0.0,1.0
1418801983323679804,0.0,0.0,0.0,0.0,0.0,1.0
1418801983373620457,0.0,0.0,0.0,0.0,0.0,1.0
1418801983423352213,0.0,0.0,0.0,0.0,0.0,1.0
1418801983473304899,0.0,0.0,0.0,0.0,0.0,1.0
1418801983523272069,0.0,0.0,0.0,0.0,0.0,1.0
1418801983573258410,0.0,0.0,0.0,0.0,0.0,1.0
1418801983623343860,0.0,0.0,0.0,0.0,0.0,1.0
1418801983673416869,0.0,0.0,0.0,0.0,0.0,1.0
1418801983723257540,0.0,0.0,0.0,0.0,0.0,1.0
1418801983773289822,0.0,0.0,0.0,0.0,0.0,1.0
1418801983914556254,0.0,0.0,0.0,0.0,0.0,1.0
1418801983915453718,0.0,0.0,0.0,0.0,0.0,1.0
1418801983924645326,0.0,0.0,0.0,0.0,0.0,1.0
1418801983973213816,0.0,0.0,0.0,0.0,0.0,1.0
1418801984023132457,0.0,0.0,0.0,0.0,0.0,1.0
1418801984073288432,0.0,0.0,0.0,0.0,0.0,1.0
1418801984232246729,0.0,0.0,0.0,0.0,0.0,1.0
1418801984234311492,0.0,0.0,0.0,0.0,0.0,1.0
1418801984234319275,0.0,0.0,0.0,0.0,0.0,1.0
1418801984273141337,0.0,0.0,0.0,0.0,0.0,1.0
1418801984323112719,0.0,0.0,0.0,0.0,0.0,1.0
1418801984373117761,0.0,0.0,0.0,0.0,0.0,1.0
1418801984423208131,0.0,0.0,0.0,0.0,0.0,1.0
1418801984552434040,0.0,0.0,0.0,0.0,0.0,1.0
1418801984554924810,0.0,0.0,0.0,0.0,0.0,1.0
1418801984573246735,0.0,0.0,0.0,0.0,0.0,1.0
1418801984623210971,0.0,0.0,0.0,0.0,0.0,1.0
1418801984673129411,0.0,0.0,0.0,0.0,0.0,1.0
1418801984723131194,0.0,0.0,0.0,0.0,0.0,1.0
1418801984872815121,0.0,0.0,0.0,0.0,0.0,1.0
1418801984874887481,0.0,0.0,0.0,0.0,0.0,1.0
1418801984874897403,0.0,0.0,0.0,0.0,0.0,1.0
1418801984922758170,0.0,0.0,0.0,0.0,0.0,1.0
1418801984973101371,0.0,0.0,0.0,0.0,0.0,1.0
1418801985023841473,0.0,0.0,0.0,0.0,0.0,1.0
1418801985192042856,0.0,0.0,0.0,0.0,0.0,1.0
1418801985194464842,0.0,0.0,0.0,0.0,0.0,1.0
1418801985194475070,0.0,0.0,0.0,0.0,0.0,1.0
1418801985223098497,0.0,0.0,0.0,0.0,0.0,1.0
1418801985272965425,0.0,0.0,0.0,0.0,0.0,0.952964956979
1418801985323894670,0.0,0.0,0.0,0.0,0.0,0.952964956979
1418801985372900516,0.0,0.0,0.0,0.0,0.0,0.655552175301
1418801985513828018,0.0,0.0,0.0,0.0,0.0,0.655552175301
1418801985515329443,0.0,0.0,0.0,0.0,0.0,0.4
1418801985523214793,0.0,0.0,0.0,0.0,0.0,0.4
1418801985574697345,0.0,0.0,0.0,0.0,0.0,1.0
1418801985624995323,0.0,0.0,0.0,0.0,0.0,1.0
1418801985674479919,0.0,0.0,0.0,0.0,0.0,1.0
1418801985832328707,0.0,0.0,0.0,0.0,0.0,1.0
1418801985834389997,0.0,0.0,0.0,0.0,0.0,1.0
1418801985834397557,0.0,0.0,0.0,0.0,0.0,1.0
1418801985874903426,0.0,0.0,0.0,0.0,0.0,1.0
1418801985924739737,0.0,0.0,0.0,0.0,0.0,1.0
1418801985974615668,0.0,0.0,0.0,0.0,0.0,1.0
1418801986024543354,0.0,0.0,0.0,0.0,0.0,1.0
1418801986153326831,0.0,0.0,0.0,0.0,0.0,1.0
1418801986155166024,0.0,0.0,0.0,0.0,0.0,1.0
1418801986174635976,0.0,0.0,0.0,0.0,0.0,1.0
1418801986224467335,0.0,0.0,0.0,0.0,0.0,1.0
1418801986274717617,0.0,0.0,0.0,0.0,0.0,1.0
1418801986324839119,0.0,0.0,0.0,0.0,0.0,1.0
1418801986472342861,0.0,0.0,0.0,0.0,0.0,1.0
1418801986473883375,0.0,0.0,0.0,0.0,0.0,1.0
1418801986474892299,0.0,0.0,0.0,0.0,0.0,1.0
1418801986524444715,0.0,0.0,0.0,0.0,0.0,1.0
1418801986574463185,0.0,0.0,0.0,0.0,0.0,1.0
1418801986624432270,0.0,0.0,0.0,0.0,0.0,1.0
1418801986791701210,0.0,0.0,0.0,0.0,0.0,1.0
1418801986796974243,0.0,0.0,0.0,0.0,0.0,1.0
1418801986796997740,0.0,0.0,0.0,0.0,0.0,1.0
1418801986824256834,0.0,0.0,0.0,0.0,0.0,1.0
1418801986874252596,0.0,0.0,0.0,0.0,0.0,1.0
1418801986924991819,0.0,0.0,0.0,0.0,0.0,1.0
1418801986974434931,0.0,0.0,0.0,0.0,0.0,1.0
1418801987112269590,0.0,0.0,0.0,0.0,0.0,1.0
1418801987115412133,0.0,0.0,0.0,0.0,0.0,1.0
1418801987124797489,0.0,0.0,0.0,0.0,0.0,1.0
1418801987174709288,0.0,0.0,0.0,0.0,0.0,1.0
1418801987224327941,0.0,0.0,0.0,0.0,0.0,1.0
1418801987277001051,0.0,0.0,0.0,0.0,0.0,1.0
1418801987430433271,0.0,0.0,0.0,0.0,0.0,1.0
1418801987432741900,0.0,0.0,0.0,0.0,0.0,1.0
1418801987432749695,0.0,0.0,0.0,0.0,0.0,1.0
1418801987474549682,0.0,0.0,0.0,0.0,0.0,1.0
1418801987524517753,0.0,0.0,0.0,0.0,0.0,1.0
1418801987574301633,0.0,0.0,0.0,0.0,0.0,1.0
1418801987626112203,0.0,0.0,0.0,0.0,0.0,1.0
1418801987752663152,0.0,0.0,0.0,0.0,0.0,1.0
1418801987754428811,0.0,0.0,0.0,0.0,0.0,1.0
1418801987774165150,0.0,0.0,0.0,0.0,0.0,1.0
1418801987827605887,0.0,0.0,0.0,0.0,0.0,1.0
1418801987874449704,0.0,0.0,0.0,0.0,0.0,1.0
1418801987924280197,0.0,0.0,0.0,0.0,0.0,1.0
1418801988078471142,0.0,0.0,0.0,0.0,0.0,1.0
1418801988084115923,0.0,0.0,0.0,0.0,0.0,1.0
1418801988084125756,0.0,0.0,0.0,0.0,0.0,1.0
1418801988124255012,0.0,0.0,0.0,0.0,0.0,1.0
1418801988173997415,0.0,0.0,0.0,0.0,0.0,1.0
1418801988224224957,0.0,0.0,0.0,0.0,0.0,1.0
1418801988274122680,0.0,0.0,0.0,0.0,0.0,1.0
1418801988324247428,0.0,0.0,0.0,0.0,0.0,1.0
1418801988374102448,0.0,0.0,0.0,0.0,0.0,1.0
1418801988424187169,0.0,0.0,0.0,0.0,0.0,1.0
1418801988474195433,0.0,0.0,0.0,0.0,0.0,1.0
1418801988524564412,0.0,0.0,0.0,0.0,0.0,1.0
1418801988574051477,0.0,0.0,0.0,0.0,0.0,1.0
1418801988624104482,0.0,0.0,0.0,0.0,0.0,1.0
1418801988673954763,0.0,0.0,0.0,0.0,0.0,1.0
1418801988725272982,0.0,0.0,0.0,0.0,0.0,1.0
1418801988773989222,0.0,0.0,0.0,0.0,0.0,1.0
1418801988825629077,0.0,0.0,0.0,0.0,0.0,1.0
1418801988874006847,0.0,0.0,0.0,0.0,0.0,1.0
1418801988924127011,0.0,0.0,0.0,0.0,0.0,1.0
1418801988974052146,0.0,0.0,0.0,0.0,0.0,1.0
1418801989024006593,0.0,0.0,0.0,0.0,0.0,1.0
1418801989073974173,0.0,0.0,0.0,0.0,0.0,1.0
1418801989124251094,0.0,0.0,0.0,0.0,0.0,1.0
1418801989173856430,0.0,0.0,0.0,0.0,0.0,1.0
1418801989224002074,0.0,0.0,0.0,0.0,0.0,1.0
1418801989273935784,0.0,0.0,0.0,0.0,0.0,1.0
1418801989324906687,0.0,0.0,0.0,0.0,0.0,1.0
1418801989373916518,0.0,0.0,0.0,0.0,0.0,1.0
1418801989424045299,0.0,0.0,0.0,0.0,0.0,1.0
1418801989474125491,0.0,0.0,0.0,0.0,0.0,1.0
1418801989524051234,0.0,0.0,0.0,0.0,0.0,1.0
1418801989573987315,0.0,0.0,0.0,0.0,0.0,1.0
1418801989628238119,0.0,0.0,0.0,0.0,0.0,1.0
1418801989673990423,0.0,0.0,0.0,0.0,0.0,1.0
1418801989723836233,0.0,0.0,0.0,0.0,0.0,1.0
1418801989774557075,0.0,0.0,0.0,0.0,0.0,1.0
1418801989784009848,0.0,0.0,0.0,0.0,0.0,0.0
1418801990025755395,0.0,0.0,0.0,0.0,0.0,0.0
1418801990275589193,0.0,0.0,0.0,0.0,0.0,1.0
1418801990325329224,0.0,0.0,0.0,0.0,0.0,1.0
1418801990375339753,0.0,0.0,0.0,0.0,0.0,1.0
1418801990425523991,0.0,0.0,0.0,0.0,0.0,1.0
1418801990475357168,0.0,0.0,0.0,0.0,0.0,1.0
1418801990525299627,0.0,0.0,0.0,0.0,0.0,1.0
1418801990575395284,0.0,0.0,0.0,0.0,0.0,1.0
1418801990592416461,0.0,0.0,0.0,0.0,0.0,0.0
1418801990832790727,0.235875323415,0.0,0.0,0.0,0.0,0.101249597967
1418801991078423631,0.285297453403,0.0,0.0,0.0,0.0,0.157894730568
1418801991328544438,0.40000000596,0.0,0.0,0.0,0.0,0.0526315793395
1418801991577620143,0.40000000596,0.0,0.0,0.0,0.0,0.0526315793395
1418801991829699457,0.40000000596,0.0,0.0,0.0,0.0,0.157894730568
1418801992077805182,0.40000000596,0.0,0.0,0.0,0.0,0.157894730568
1418801992330474552,0.40000000596,0.0,0.0,0.0,0.0,0.157894730568
1418801992576778734,0.225308120251,0.0,0.0,0.0,0.0,0.157894730568
1418801992832432542,0.226738229394,0.0,0.0,0.0,0.0,0.157894730568
1418801993078460366,0.20000000298,0.0,0.0,0.0,0.0,0.157894730568
1418801993332169889,0.20000000298,0.0,0.0,0.0,0.0,0.157894730568
1418801993579542384,0.20000000298,0.0,0.0,0.0,0.0,0.0
1418801993844783599,0.20000000298,0.0,0.0,0.0,0.0,0.157894730568
1418801994078446706,0.20000000298,0.0,0.0,0.0,0.0,0.157894730568
1418801994330122211,0.0,0.0,0.0,0.0,0.0,1.0
1418801994579693108,0.38059809804,0.0,0.0,0.0,0.0,-0.0526315793395
1418801994827643058,0.142650693655,0.0,0.0,0.0,0.0,-0.290545195341
1418801995077180900,0.0183731913567,0.0,0.0,0.0,0.0,1.0
1418801995326872676,0.0,0.0,0.0,0.0,0.0,1.0
1418801995579954663,0.0,0.0,0.0,0.0,0.0,1.0
1418801995821212048,0.0,0.0,0.0,0.0,0.0,-0.452298104763
1418801996072751709,0.0,0.0,0.0,0.0,0.0,-0.701675653458
1418801996321854974,0.0,0.0,0.0,0.0,0.0,-0.493265151978
1418801996575903052,0.130296930671,0.0,0.0,0.0,0.0,-0.605087637901
1418801996825560855,0.0,0.0,0.0,0.0,0.0,-0.578947365284
1418801997076418919,0.0,0.0,0.0,0.0,0.0,-0.446930676699
1418801997326200438,0.0,0.0,0.0,0.0,0.0,0.950262844563
1418801997579557194,0.0,0.0,0.0,0.0,0.0,1.0
1418801997832498462,0.0,0.0,0.0,0.0,0.0,1.0
1418801998076299535,0.0,0.0,0.0,0.0,0.0,1.0
1418801998336197426,0.0,0.0,0.0,0.0,0.0,-0.477409780025
1418801998575040037,0.0,0.0,0.0,0.0,0.0,0.0
1418801999578201377,0.0,0.0,0.0,0.0,0.0,-0.578947365284
1418801999826514149,0.0,0.0,0.0,0.0,0.0,-0.578947365284
1418802000078409427,0.0,0.0,0.0,0.0,0.0,-0.499785810709
1418802000328923063,0.0,0.0,0.0,0.0,0.0,-0.493306159973
1418802000577333253,0.0,0.0,0.0,0.0,0.0,-0.486709594727
1418802000826373025,0.0,0.0,0.0,0.0,0.0,-0.480142116547
1418802001074720548,0.0,0.0,0.0,0.0,0.0,-0.473684221506
1418802001325548530,0.0,0.0,0.0,0.0,0.0,-0.578952074051
1418802001574879812,0.0,0.0,0.0,0.0,0.0,0.0
1418802001830232372,0.0,0.0,0.0,0.0,0.0,0.0
1418802002074217518,0.0,0.0,0.0,0.0,0.0,0.0
1418802002329669793,0.0,0.0,0.0,0.0,0.0,1.0
1418802002574236890,0.0,0.0,0.0,0.0,0.0,1.0
1418802002825084175,0.0,0.0,0.0,0.0,0.0,-0.433273762465
1418802003076324377,0.0,0.0,0.0,0.0,0.0,-0.481026232243
1418802003329855108,0.0,0.0,0.0,0.0,0.0,-0.499857634306
1418802003570032345,0.0,0.0,0.0,0.0,0.0,0.0
1418802003828620895,0.0,0.0,0.0,0.0,0.0,1.0
1418802004074889208,0.0,0.0,0.0,0.0,0.0,-0.473684221506
1418802004327279306,0.0,0.0,0.0,0.0,0.0,-0.461189419031
1418802004574563702,0.0,0.0,0.0,0.0,0.0,-0.423337459564
1418802004832532335,0.0,0.0,0.0,0.0,0.0,-0.493299454451
1418802005078694045,0.0,0.0,0.0,0.0,0.0,-0.486662060022
1418802005327973884,0.0,0.0,0.0,0.0,0.0,-0.486732810736
1418802005524227931,0.0,0.0,0.0,0.0,0.0,0.0
1418802005575885145,0.0,0.0,0.0,0.0,0.0,-0.480170071125
1418802006328508720,0.0,0.0,0.0,0.0,0.0,-1.0
1418802006578958810,0.0,0.0,0.0,0.0,0.0,-1.0
1418802006820329121,0.0,0.0,0.0,0.0,0.0,0.0
1418802007080225023,0.0,0.0,0.0,0.0,0.0,0.0
1418802007325702377,0.0,0.0,0.0,0.0,0.0,0.0
1418802007575218337,0.0,0.0,0.0,0.0,0.0,0.0
1418802007828307287,0.0,0.0,0.0,0.0,0.0,0.0
1418802008074351258,0.0,0.0,0.0,0.0,0.0,0.0
1418802008330510972,0.0,0.0,0.0,0.0,0.0,0.0
1418802008576119994,0.0,0.0,0.0,0.0,0.0,0.0
1418802008826987597,0.0,0.0,0.0,0.0,0.0,0.0
1418802009078126608,0.0,0.0,0.0,0.0,0.0,0.0
1418802009328844184,0.0,0.0,0.0,0.0,0.0,0.0
1418802009578070552,0.0,0.0,0.0,0.0,0.0,0.0
1418802009829731816,0.0,0.0,0.0,0.0,0.0,0.0
1418802010077832539,0.0,0.0,0.0,0.0,0.0,0.0
1418802010327885922,0.0,0.0,0.0,0.0,0.0,0.0
1418802010582045466,0.0,0.0,0.0,0.0,0.0,0.0
1418802010829104445,0.0,0.0,0.0,0.0,0.0,0.0
1418802011081076219,0.0,0.0,0.0,0.0,0.0,0.0
1418802011333549224,0.0,0.0,0.0,0.0,0.0,0.0
1418802011577782635,0.0,0.0,0.0,0.0,0.0,0.0
1418802011837460986,0.0,0.0,0.0,0.0,0.0,0.0
1418802012335809410,0.0,0.0,0.0,0.0,0.0,0.0
1418802012582590641,0.0,0.0,0.0,0.0,0.0,0.0
1418802012834356571,0.0,0.0,0.0,0.0,0.0,0.0
1418802013081857439,0.0,0.0,0.0,0.0,0.0,0.0
1418802013332748899,0.0,0.0,0.0,0.0,0.0,0.0
1418802013582143240,0.0,0.0,0.0,0.0,0.0,0.0
1418802013834103635,0.0,0.0,0.0,0.0,0.0,0.0
1418802014079334831,0.0,0.0,0.0,0.0,0.0,0.0
1418802014336990491,0.0,0.0,0.0,0.0,0.0,0.0
1418802014582099217,0.0,0.0,0.0,0.0,0.0,0.0
1418802014834194997,0.0,0.0,0.0,0.0,0.0,0.0
1418802015086806538,0.0,0.0,0.0,0.0,0.0,0.0
1418802015334837728,0.0,0.0,0.0,0.0,0.0,0.0
1418802015580495910,0.0,0.0,0.0,0.0,0.0,0.0
1418802015833229709,0.0,0.0,0.0,0.0,0.0,0.0
1418802016084450242,0.0,0.0,0.0,0.0,0.0,0.0
1418802016332809417,0.0,0.0,0.0,0.0,0.0,0.0
1418802016584226069,0.0,0.0,0.0,0.0,0.0,0.0
1418802016836087083,0.0,0.0,0.0,0.0,0.0,0.0
1418802017082246351,0.0,0.0,0.0,0.0,0.0,0.0
1418802017334263723,0.0,0.0,0.0,0.0,0.0,0.0
1418802017583307293,0.0,0.0,0.0,0.0,0.0,0.0
1418802017833657743,0.0,0.0,0.0,0.0,0.0,0.0
1418802018082801377,0.0,0.0,0.0,0.0,0.0,0.0
1418802018332882867,0.0,0.0,0.0,0.0,0.0,0.0
1418802018578203724,0.0,0.0,0.0,0.0,0.0,0.0
1418802018836255197,0.0,0.0,0.0,0.0,0.0,0.0
1418802019084932013,0.0,0.0,0.0,0.0,0.0,0.0
1418802019335797790,0.0,0.0,0.0,0.0,0.0,0.0
1418802019586884803,0.0,0.0,0.0,0.0,0.0,0.0
1418802019836919289,0.0,0.0,0.0,0.0,0.0,0.0
1418802020077773903,0.0,0.0,0.0,0.0,0.0,0.0
1418802020340972025,0.0,0.0,0.0,0.0,0.0,0.0
1418802020582991698,0.0,0.0,0.0,0.0,0.0,0.0
1418802020837136024,0.0,0.0,0.0,0.0,0.0,0.0
1418802021084183702,0.0,0.0,0.0,0.0,0.0,0.0
1418802021336011251,0.0,0.0,0.0,0.0,0.0,0.0
1418802021581014960,0.0,0.0,0.0,0.0,0.0,0.0
1418802022082785303,0.0,0.0,0.0,0.0,0.0,0.0
1418802022333513719,0.0,0.0,0.0,0.0,0.0,0.0
1418802022584050713,0.0,0.0,0.0,0.0,0.0,0.0
1418802022837764933,0.0,0.0,0.0,0.0,0.0,0.0
1418802023080207318,0.0,0.0,0.0,0.0,0.0,0.0
1418802023332813965,0.0,0.0,0.0,0.0,0.0,0.0
1418802023581853868,0.0,0.0,0.0,0.0,0.0,0.0
1418802023833850084,0.0,0.0,0.0,0.0,0.0,0.0
1418802024084146318,0.0,0.0,0.0,0.0,0.0,0.0
1418802024336129671,0.0,0.0,0.0,0.0,0.0,0.0
1418802024581146235,0.0,0.0,0.0,0.0,0.0,0.0
1418802025085174123,0.0,0.0,0.0,0.0,0.0,0.0
1418802025336947752,0.0,0.0,0.0,0.0,0.0,0.0
1418802025587054728,0.0,0.0,0.0,0.0,0.0,0.0
1418802025836250774,0.0,0.0,0.0,0.0,0.0,0.0
1418802026080506038,0.0,0.0,0.0,0.0,0.0,0.0
1418802026336520645,0.0,0.0,0.0,0.0,0.0,0.0
1418802026580933836,0.0,0.0,0.0,0.0,0.0,0.0
1418802026835778723,0.0,0.0,0.0,0.0,0.0,0.0
1418802027085485559,0.0,0.0,0.0,0.0,0.0,0.0
1418802027336251806,0.0,0.0,0.0,0.0,0.0,0.0
1418802027579720779,0.0,0.0,0.0,0.0,0.0,0.0
1418802027833552349,0.0,0.0,0.0,0.0,0.0,0.0
1418802028081724853,0.0,0.0,0.0,0.0,0.0,0.0
1418802028336367383,0.0,0.0,0.0,0.0,0.0,0.0
1418802028583683167,0.0,0.0,0.0,0.0,0.0,0.0
1418802028835731476,0.0,0.0,0.0,0.0,0.0,0.0
1418802029081341470,0.0,0.0,0.0,0.0,0.0,0.0
1418802029333254333,0.0,0.0,0.0,0.0,0.0,0.0
1418802029580915236,0.0,0.0,0.0,0.0,0.0,0.0
1418802029833298363,0.0,0.0,0.0,0.0,0.0,0.0
1418802030084289903,0.0,0.0,0.0,0.0,0.0,0.0
1418802030333106916,0.0,0.0,0.0,0.0,0.0,0.0
1418802030580584360,0.0,0.0,0.0,0.0,0.0,0.0
1418802030833624115,0.0,0.0,0.0,0.0,0.0,0.0
1418802031080025930,0.0,0.0,0.0,0.0,0.0,0.0
1418802031336811934,0.0,0.0,0.0,0.0,0.0,0.0
1418802031581741264,0.0,0.0,0.0,0.0,0.0,0.0
1418802031836864002,0.0,0.0,0.0,0.0,0.0,0.0
1418802032080094588,0.0,0.0,0.0,0.0,0.0,0.0
1418802032334477136,0.0,0.0,0.0,0.0,0.0,0.0
1418802032586044812,0.0,0.0,0.0,0.0,0.0,0.0
1418802032834244497,0.0,0.0,0.0,0.0,0.0,0.0
1418802033084662870,0.0,0.0,0.0,0.0,0.0,0.0
1418802033336858021,0.0,0.0,0.0,0.0,0.0,0.0
1418802033585250199,0.0,0.0,0.0,0.0,0.0,0.0
1418802033836316056,0.0,0.0,0.0,0.0,0.0,0.0
1418802034083889532,0.0,0.0,0.0,0.0,0.0,0.0
1418802034337340817,0.0,0.0,0.0,0.0,0.0,0.0
1418802034585958943,0.0,0.0,0.0,0.0,0.0,0.0
1418802034775193432,0.0,0.0,0.0,0.0,0.0,0.0
1418802034831475303,0.0,0.0,0.0,0.0,0.0,0.0
1418802035583968316,0.0,0.0,0.0,0.0,0.0,0.0
1418802036335971043,0.0,0.0,0.0,0.0,0.0,0.0
1418802037085654763,0.0,0.0,0.0,0.0,0.0,0.0
1418802037835936926,0.0,0.0,0.0,0.0,0.0,0.0
1418802038024990773,0.0,0.0,0.0,0.0,0.0,0.0
1418802042077385168,0.0,0.0,0.0,0.0,0.0,0.0
1418802042340917559,0.0,0.0,0.0,0.0,0.0,0.0
1418802042582474853,0.0,0.0,0.0,0.0,0.0,0.0
1418802042832377570,0.0,0.0,0.0,0.0,0.0,0.0
1418802043080424747,0.0,0.0,0.0,0.0,0.0,0.0
1418802043332435146,0.0,0.0,0.0,0.0,0.0,0.0
1418802043588187527,0.0,0.0,0.0,0.0,0.0,0.0
1418802043839197483,0.0,0.0,0.0,0.0,0.0,0.0
1418802044079005483,0.0,0.0,0.0,0.0,0.0,0.0
1418802044334867065,0.0,0.0,0.0,0.0,0.0,0.0
1418802044580957587,0.0,0.0,0.0,0.0,0.0,0.0
1418802044836251292,0.0,0.0,0.0,0.0,0.0,0.0
1418802045077017402,0.0,0.0,0.0,0.0,0.0,0.0
1418802045333094536,0.0,0.0,0.0,0.0,0.0,0.0
1418802045582477355,0.0,0.0,0.0,0.0,0.0,0.0
1418802045832762186,0.0,0.0,0.0,0.0,0.0,0.0
1418802046080662782,0.0,0.0,0.0,0.0,0.0,0.0
1418802046334381631,0.0,0.0,0.0,0.0,0.0,0.0
1418802046579719593,0.0,0.0,0.0,0.0,0.0,0.0
1418802046834475383,0.0,0.0,0.0,0.0,0.0,0.0
1418802047079094438,0.0,0.0,0.0,0.0,0.0,0.0
1418802047334574868,0.0,0.0,0.0,0.0,0.0,0.0
1418802047576815751,0.0,0.0,0.0,0.0,0.0,0.0
1418802047827367972,0.0,0.0,0.0,0.0,0.0,0.0
1418802048079222776,0.0,0.0,0.0,0.0,0.0,0.0
1418802048374642160,0.0,0.0,0.0,0.0,0.0,0.0
1418802048580435951,0.0,0.0,0.0,0.0,0.0,0.0
1418802048831537637,0.0,0.0,0.0,0.0,0.0,0.0
1418802049082410608,0.0,0.0,0.0,0.0,0.0,0.0
1418802049334859285,0.0,0.0,0.0,0.0,0.0,0.0
1418802049586123087,0.0,0.0,0.0,0.0,0.0,0.0
1418802049836673749,0.0,0.0,0.0,0.0,0.0,0.0
1418802050095579007,0.0,0.0,0.0,0.0,0.0,0.0
1418802050333198856,0.0,0.0,0.0,0.0,0.0,0.0
1418802050586256580,0.0,0.0,0.0,0.0,0.0,0.0
1418802050831994878,0.0,0.0,0.0,0.0,0.0,0.0
1418802051081399130,0.0,0.0,0.0,0.0,0.0,0.0
1418802051335180217,0.0,0.0,0.0,0.0,0.0,0.0
1418802051584409749,0.0,0.0,0.0,0.0,0.0,0.0
1418802051772716669,0.0,0.0,0.0,0.0,0.0,0.0
1418802051829192349,0.0,0.0,0.0,0.0,0.0,0.0
1418802052578775921,0.0,0.0,0.0,0.0,0.0,0.0
1418802053347819490,0.0,0.0,0.0,0.0,0.0,0.0
1418802054078720723,0.0,0.0,0.0,0.0,0.0,0.0
1418802054832906921,0.0,0.0,0.0,0.0,0.0,0.0
1418802055026085364,0.0,0.0,0.0,0.0,0.0,0.0
1418802077397864172,0.0,0.0,0.0,0.0,0.0,0.0
1418802077643178191,0.0,0.0,0.0,0.0,0.0,0.0
1418802077896821123,0.0,0.0,0.0,0.0,0.0,0.0
1418802078142674627,0.0,0.0,0.0,0.0,0.0,0.0
1418802078394558410,0.0,0.0,0.0,0.0,0.0,0.0
1418802078642850862,0.0,0.0,0.0,0.0,0.0,0.0
1418802078891583588,0.0,0.0,0.0,0.0,0.0,0.0
1418802079143969870,0.0,0.0,0.0,0.0,0.0,0.0
1418802079392429779,0.0,0.0,0.0,0.0,0.0,0.0
1418802079645037770,0.0,0.0,0.0,0.0,0.0,0.0
1418802079897286339,0.0,0.0,0.0,0.0,0.0,0.0
1418802080145709148,0.0,0.0,0.0,0.0,0.0,0.0
1418802080399264641,0.0,0.0,0.0,0.0,0.0,0.0
1418802080646613731,0.0,0.0,0.0,0.0,0.0,0.0
1418802080895180293,0.0,0.0,0.0,0.0,0.0,0.0
1418802081143745309,0.0,0.0,0.0,0.0,0.0,0.0
1418802081397116391,0.0,0.0,0.0,0.0,0.0,0.0
1418802081645944682,0.0,0.0,0.0,0.0,0.0,0.0
1418802081897174231,0.0,0.0,0.0,0.0,0.0,0.0
1418802082142110387,0.0,0.0,0.0,0.0,0.0,0.0
1418802082394638159,0.0,0.0,0.0,0.0,0.0,0.0
1418802082645376405,0.0,0.0,0.0,0.0,0.0,0.0
1418802082895557392,0.0,0.0,0.0,0.0,0.0,0.0
1418802083141776409,0.0,0.0,0.0,0.0,0.0,0.0
1418802083392469955,0.0,0.0,0.0,0.0,0.0,0.0
1418802083643746164,0.0,0.0,0.0,0.0,0.0,0.0
1418802083893844883,0.0,0.0,0.0,0.0,0.0,0.0
1418802084144214749,0.0,0.0,0.0,0.0,0.0,0.0
1418802084394748964,0.0,0.0,0.0,0.0,0.0,0.0
1418802084645141019,0.0,0.0,0.0,0.0,0.0,0.0
1418802084891613525,0.0,0.0,0.0,0.0,0.0,0.0
1418802085141836001,0.0,0.0,0.0,0.0,0.0,0.0
1418802085400150656,0.0,0.0,0.0,0.0,0.0,0.0
1418802085643167974,0.0,0.0,0.0,0.0,0.0,0.0
1418802085896242039,0.0,0.0,0.0,0.0,0.0,0.0
1418802086142788116,0.0,0.0,0.0,0.0,0.0,0.0
1418802086400898517,0.0,0.0,0.0,0.0,0.0,0.0
1418802086644606292,0.0,0.0,0.0,0.0,0.0,0.0
1418802086894437958,0.0,0.0,0.0,0.0,0.0,0.0
1418802087124507935,0.0,0.0,0.0,0.0,0.0,0.0
1418802087144303619,0.0,0.0,0.0,0.0,0.0,0.0
1418802087897387663,0.0,0.0,0.0,0.0,0.0,0.0
1418802088144874920,0.0,0.0,0.0,0.0,0.0,0.0
1418802088393770962,0.0,0.0,0.0,0.0,0.0,0.0
1418802088644486544,0.0,0.0,0.0,0.0,0.0,0.0
1418802088896339766,0.0,0.0,0.0,0.0,0.0,0.0
1418802089145623411,0.0,0.0,0.0,0.0,0.0,0.0
1418802089393739631,0.0,0.0,0.0,0.0,0.0,0.0
1418802089645763461,0.0,0.0,0.0,0.0,0.0,0.0
1418802089893949856,0.0,0.0,0.0,0.0,0.0,0.0
1418802090141893524,0.0,0.0,0.0,0.0,0.0,0.0
1418802090394980255,0.0,0.0,0.0,0.0,0.0,0.0
1418802090645482306,0.0,0.0,0.0,0.0,0.0,0.0
1418802090896839728,0.0,0.0,0.0,0.0,0.0,0.0
1418802091145866599,0.0,0.0,0.0,0.0,0.0,0.0
1418802091395747844,0.0,0.0,0.0,0.0,0.0,0.0
1418802091643817246,0.0,0.0,0.0,0.0,0.0,0.0
1418802091895403535,0.0,0.0,0.0,0.0,0.0,0.0
1418802092146431189,0.0,0.0,0.0,0.0,0.0,0.0
1418802092396689168,0.0,0.0,0.0,0.0,0.0,0.0
1418802092642014967,0.0,0.0,0.0,0.0,0.0,0.0
1418802092893512698,0.0,0.0,0.0,0.0,0.0,0.0
1418802093146376589,0.0,0.0,0.0,0.0,0.0,0.0
1418802093395656130,0.0,0.0,0.0,0.0,0.0,0.0
1418802093646383137,0.0,0.0,0.0,0.0,0.0,0.0
1418802093892458507,0.0,0.0,0.0,0.0,0.0,0.0
1418802094146440706,0.0,0.0,0.0,0.0,0.0,0.0
1418802094393995437,0.0,0.0,0.0,0.0,0.0,0.0
1418802094640843360,0.0,0.0,0.0,0.0,0.0,0.0
1418802094895619401,0.0,0.0,0.0,0.0,0.0,0.0
1418802095141771169,0.0,0.0,0.0,0.0,0.0,0.0
1418802095392677131,0.0,0.0,0.0,0.0,0.0,0.0
1418802095643762906,0.0,0.0,0.0,0.0,0.0,0.0
