%time,field.left,field.right
1418801822533398908,0.0,0.0
1418801822633425381,0.0,0.0
1418801822733746303,0.0,0.0
1418801822833245026,0.0,0.0
1418801822933349703,0.0,0.0
1418801823033275268,0.0,0.0
1418801823133864188,0.0,0.0
1418801823233258127,0.0,0.0
1418801823333979300,0.0,0.0
1418801823436355287,0.0,0.0
1418801823533250518,0.0,0.0
1418801823633305846,0.0,0.0
1418801823733961883,0.0,0.0
1418801823833287022,0.0,0.0
1418801823933304167,0.0,0.0
1418801824033276767,0.0,0.0
1418801824134055884,0.0,0.0
1418801824233399384,0.0,0.0
1418801824333290802,0.0,0.0
1418801824433301261,0.0,0.0
1418801824533931293,0.0,0.0
1418801824634476564,0.0,0.0
1418801824734194631,0.0,0.0
1418801824833361633,0.0,0.0
1418801824933429071,0.0,0.0
1418801825033293319,0.0,0.0
1418801825133357712,0.0,0.0
1418801825233371023,0.0,0.0
1418801825333316317,0.0,0.0
1418801825433512958,0.0,0.0
1418801825533847901,0.0,0.0
1418801825634550517,0.0,0.0
1418801825734030306,0.0,0.0
1418801825833348461,0.0,0.0
1418801825933387890,0.0,0.0
1418801826033953008,0.0,0.0
1418801826133455049,0.0,0.0
1418801826233301163,0.0,0.0
1418801826333830987,0.0,0.0
1418801826434968640,0.0,0.0
1418801826544259998,0.0,0.0
1418801826633327284,0.0,0.0
1418801826734561936,0.0,0.0
1418801826833352416,0.0,0.0
1418801826942136605,0.0,0.0
1418801827043215195,0.0,0.0
1418801827137530251,0.0,0.0
1418801827233351875,0.0,0.0
1418801827336775141,0.0,0.0
1418801827433179885,0.0,0.0
1418801827582906027,0.0,0.0
1418801827642888622,0.0,0.0
1418801827741030337,0.0,0.0
1418801827874024065,0.0,0.0
1418801827964414717,0.0,0.0
1418801828043993276,0.0,0.0
1418801828154481826,0.0,0.0
1418801828237951700,0.0,0.0
1418801828403391741,0.0,0.0
1418801828434704422,0.0,0.0
1418801828542237630,0.0,0.0
1418801828675792785,0.0,0.0
1418801828736036098,0.0,0.0
1418801828844559576,0.0,0.0
1418801828947343336,0.0,0.0
1418801829033574548,0.0,0.0
1418801829133344866,0.0,0.0
1418801829233729241,0.0,0.0
1418801829333957692,0.0,0.0
1418801829483382273,0.0,0.0
1418801829533457120,0.0,0.0
1418801829633469820,0.0,0.0
1418801829751191913,0.0,0.0
1418801829834385115,0.0,0.0
1418801829933755475,0.0,0.0
1418801830034225781,0.0,0.0
1418801830133595574,0.0,0.0
1418801830287433815,0.0,0.0
1418801830333979427,0.0,0.0
1418801830433317561,0.0,0.0
1418801830607459987,0.0,0.0
1418801830633625420,0.0,0.0
1418801830733344324,0.0,0.0
1418801830926853464,0.0,0.0
1418801830933394721,0.0,0.0
1418801831033319281,0.0,0.0
1418801831251720576,0.0,0.0
1418801831254566200,0.0,0.0
1418801831333457558,0.0,0.0
1418801831433416800,0.0,0.0
1418801831533456128,0.0,0.0
1418801831635353757,0.0,0.0
1418801831733514997,0.0,0.0
1418801831833346060,0.0,0.0
1418801831937288562,0.0,0.0
1418801832033582720,0.0,0.0
1418801832133337106,0.0,0.0
1418801832234245047,-0.165888547897,0.248832821846
1418801832333273984,-2.41525435448,1.74897742271
1418801832434273925,-1.82841682434,1.99463641644
1418801832533851991,-2.32878518105,2.41195607185
1418801832634142972,-2.40846014023,2.57456088066
1418801832734385746,-2.49315071106,2.90867590904
1418801832833363453,-3.2417640686,3.40800833702
1418801832933357069,-3.49075388908,3.74009346962
1418801833033893793,-3.57587265968,3.74219226837
1418801833133386713,-3.4895222187,3.73877382278
1418801833233322190,-3.57275629044,3.57275629044
1418801833333414090,-3.48430490494,3.89910316467
1418801833433350466,-3.58051252365,3.91358327866
1418801833533893861,-3.40891695023,3.74149417877
1418801833637210957,-3.49025893211,3.7395632267
1418801833733781886,-3.49228978157,4.07433795929
1418801833833285937,-3.65695500374,3.82318043709
1418801833933352927,-3.57191538811,3.57191538811
1418801834033607553,-3.49121141434,3.57433533669
1418801834136051877,-3.57131695747,3.73742485046
1418801834233360998,-3.574010849,3.65712738037
1418801834333825160,-3.7396876812,3.65658354759
1418801834433986431,-3.48158478737,3.39868998528
1418801834533993306,-3.16867184639,3.16867184639
1418801834633938429,-2.73893928528,2.48994469643
1418801834733585578,-2.41236662865,2.1628112793
1418801834833938288,-2.24425888062,2.16113805771
1418801834933413897,-2.16042995453,2.07733654976
1418801835033598983,-2.07927012444,1.91292858124
1418801835134653226,-2.07620429993,1.91010808945
1418801835233438504,-2.07785272598,1.99473869801
1418801835333428679,-2.16097187996,1.74540042877
1418801835433421889,-1.99468529224,1.91157341003
1418801835534142224,-1.99417364597,1.91108298302
1418801835638288234,-1.91159439087,1.91159439087
1418801835737765383,-1.82844769955,1.91155898571
1418801835839908027,-1.91206657887,1.99519991875
1418801835945575820,-1.74542140961,2.16099786758
1418801836033812505,-1.82927381992,2.07872033119
1418801836142280784,-1.82747268677,2.07667350769
1418801836235955103,-1.91145706177,1.91145706177
1418801836338267958,-1.82838594913,1.91149449348
1418801836441182464,0.08311047405,1.99465143681
1418801836533610335,0.499054551125,1.58033943176
1418801836635525966,0.581306517124,0.74739408493
1418801836749900997,-0.748685598373,0.499123722315
1418801836839455405,-0.747823774815,1.49564754963
1418801836938121687,-1.07983338833,1.41208982468
1418801837033898808,-0.498604744673,0.997209489346
1418801837157309136,0.0,0.166295051575
1418801837233882468,0.0,0.0
1418801837337276614,0.0,0.0
1418801837433365999,0.0,0.0
1418801837533375375,0.0,0.0
1418801837633410530,0.0,0.0
1418801837734346755,0.0,0.0
1418801837833505586,0.0,0.0
1418801837933861049,0.0,0.0
1418801838033743066,0.0,0.0
1418801838134049389,0.0,0.0
1418801838233482825,0.0,0.0
1418801838333410171,0.0,0.0
1418801838434196473,0.0,0.0
1418801838533557914,0.0,0.0
1418801838633459989,0.0,0.0
1418801838733866808,0.0,0.0
1418801838834446186,0.0,0.0
1418801838933423270,0.0,0.0
1418801839033427695,0.0,0.0
1418801839133438689,0.0,0.0
1418801839233427323,0.0,0.0
1418801839333448658,0.0,0.0
1418801839433590480,0.0,0.0
1418801839537338891,0.0,0.0
1418801839633711917,0.0,0.0
1418801839737618274,0.0,0.0
1418801839839783811,0.0,0.0
1418801839940165495,0.0,0.0
1418801840041531014,0.0,0.0
1418801840133521968,0.0,0.0
1418801840235436798,0.0,0.0
1418801840349567940,0.0,0.0
1418801840434661029,0.0,0.0
1418801840552187648,0.0,0.0
1418801840643310974,0.0,0.0
1418801840733810635,0.0,0.0
1418801840836713244,0.0,0.0
1418801840940113549,0.0,0.0
1418801841045622260,0.0,0.0
1418801841146168919,0.0,0.0
1418801841242577087,0.0,0.0
1418801841337932430,0.0,0.0
1418801841434834951,0.0,0.0
1418801841533512700,0.0,0.0
1418801841642082201,0.0,0.0
1418801841740785534,0.0,0.0
1418801841833464229,0.0,0.0
1418801841933418372,0.0,0.0
1418801842034096151,0.0,0.0
1418801842140625022,0.0,0.0
1418801842238705577,0.0,0.0
1418801842333466279,0.0,0.0
1418801842439486228,0.0,0.0
1418801842534640617,0.0,0.0
1418801842635045005,0.0,0.0
1418801842733641489,0.0,0.0
1418801842835063893,0.0,0.0
1418801842935222380,-1.32927179337,1.08003330231
1418801843034070792,-1.66355741024,1.66355741024
1418801843136145118,-2.15953469276,1.99341666698
1418801843238620889,-2.48793673515,2.48793673515
1418801843336155840,-3.24940443039,2.99945020676
1418801843434828812,-3.40639996529,3.24023413658
1418801843542009766,-3.65850925446,3.409065485
1418801843794792672,-3.82105565071,3.57185649872
1418801843802582904,-3.65701937675,3.57390522957
1418801843833677694,-3.74043345451,3.49107122421
1418801843942598808,-3.74109458923,3.57482361794
1418801844034894096,-3.65729475021,3.57417440414
1418801844155221492,-3.90369176865,3.32229089737
1418801844234491532,-3.74387335777,3.57747912407
1418801844344610363,-3.72946882248,3.56371474266
1418801844444338435,-3.74408578873,3.6608839035
1418801844545661712,-3.912078619,3.4958999157
1418801844634898588,-3.73729348183,3.48814058304
1418801844748541199,-3.98956608772,3.65710234642
1418801844844793213,-3.49050831795,3.73983025551
1418801844933445644,-3.57396101952,3.74019169807
1418801845034126559,-3.49285840988,3.74234819412
1418801845133683239,-3.57086229324,3.81999230385
1418801845235610264,-3.57374215126,3.65685248375
1418801845334077916,-3.74249982834,3.74249982834
1418801845433755722,-3.48481941223,3.40184760094
1418801845551124470,-2.91421842575,3.24727201462
1418801845642526867,-2.90704393387,2.65786862373
1418801845737392454,-2.32739639282,2.57676053047
1418801845840824556,-2.07763695717,2.41005897522
1418801845934033102,-2.07843589783,2.32784819603
1418801846044702133,-1.91218209267,2.16159725189
1418801846133499330,-1.9931589365,1.91011059284
1418801846233481506,-1.99468052387,1.99468052387
1418801846334940594,-1.9948195219,2.07793712616
1418801846433827890,-1.82628417015,2.07532286644
1418801846539003226,-0.998192250729,1.24774026871
1418801846645305924,-0.914271652699,1.66231203079
1418801846747688526,-1.0816334486,1.41444373131
1418801846837253314,-0.91412717104,1.4127420187
1418801846933458232,-0.830492973328,1.24573945999
1418801847038490334,-0.831512212753,1.24726831913
1418801847139220918,-0.913619458675,1.32890105247
1418801847244246959,-0.914193212986,1.16351866722
1418801847341181965,-0.914410054684,1.16379463673
1418801847439529909,-0.914224147797,1.16355800629
1418801847538127275,-0.914775252342,1.33058214188
1418801847633814007,-1.07786750793,1.57534480095
1418801847733802146,-1.08212506771,1.58156752586
1418801847840989057,-1.07974767685,1.49503529072
1418801847934138198,-1.08132815361,1.33086538315
1418801848039928645,-1.24750542641,1.66334056854
1418801848135272596,-1.32884633541,1.74411094189
1418801848239071178,-1.24671447277,1.49605739117
1418801848339675344,-1.32981598377,1.24670243263
1418801848433594540,-1.49591779709,1.3297046423
1418801848533719825,-1.49697291851,1.49697291851
1418801848633504361,-1.57797384262,1.41187131405
1418801848734422405,-1.49259603024,1.65843999386
1418801848834495519,-1.58235943317,1.74892354012
1418801848934423619,-0.914252996445,1.49605035782
1418801849035868589,0.0,-0.0831130370498
1418801849133735018,0.0,0.0
1418801849233487104,0.0,0.0
1418801849333491257,0.0,0.0
1418801849433497862,0.0,0.0
1418801849533499917,0.0,0.0
1418801849634684144,0.0,0.0
1418801849733521333,0.0,0.0
1418801849833595658,0.0,0.0
1418801849933685380,0.0,0.0
1418801850034325290,0.0,0.0
1418801850133584488,0.0,0.0
1418801850233545111,0.0,0.0
1418801850333608875,0.0,0.0
1418801850433671695,0.0,0.0
1418801850534955318,0.0,0.0
1418801850637711478,0.0,0.0
1418801850737747402,0.0,0.0
1418801850834572838,0.0,0.0
1418801850944107031,0.0,0.0
1418801851037709129,0.0,0.0
1418801851133783044,0.0,0.0
1418801851238622114,0.0,0.0
1418801851334457918,0.0,0.0
1418801851437508206,0.0,0.0
1418801851540489347,0.0,0.0
1418801851640039968,0.0,0.0
1418801851739246947,0.0,0.0
1418801851838776836,0.0,0.0
1418801851933560460,0.0,0.0
1418801852044503817,0.0,0.0
1418801852138652528,0.0,0.0
1418801852233528526,0.0,0.0
1418801852333473923,0.0,0.0
1418801852447129446,0.0,0.0
1418801852536246335,0.0,0.0
1418801852635281595,0.0,0.0
1418801852738949376,0.664795994759,0.664795994759
1418801852843506851,0.831826508045,1.08137452602
1418801852945947919,0.996782422066,0.747586786747
1418801853043309836,1.16423344612,0.914754807949
1418801853136170060,1.1606117487,1.49221515656
1418801853234833148,1.33339011669,1.08337950706
1418801853336670899,1.57923817635,1.24676692486
1418801853439144016,1.57753264904,1.24542045593
1418801853542335394,1.33088231087,1.08134186268
1418801853634673943,1.32874810696,1.16265463829
1418801853733765253,1.24763977528,1.33081579208
1418801853846091819,1.16377079487,0.332505941391
1418801853933516215,0.996448338032,0.996448338032
1418801854034068126,0.748363316059,1.08096921444
1418801854145898081,0.581441521645,1.66126143932
1418801854234651741,0.746522307396,0.912416160107
1418801854336844854,0.916156947613,0.499721944332
1418801854435086949,0.998165130615,1.33088684082
1418801854533961490,0.831036865711,1.74517738819
1418801854634354194,0.498568981886,2.40974998474
1418801854742617216,0.0830690488219,2.32593345642
1418801854834253377,0.0,2.41157913208
1418801854935197863,0.24919565022,2.24276089668
1418801855033850607,0.9149518013,1.41401648521
1418801855134139335,0.747967720032,0.249322578311
1418801855240094720,0.498610585928,0.0831017643213
1418801855341573681,-0.0829774215817,0.0
1418801855434083712,-0.083249501884,0.0
1418801855539349184,0.0,0.0
1418801855634067530,0.0,0.0
1418801855734066543,0.0,0.0
1418801855834710879,0.0,0.0
1418801855948388291,0.0,0.0
1418801856040862988,0.0,0.0
1418801856145910691,0.0,0.0
1418801856240062756,0.0,0.0
1418801856334993254,0.0,0.0
1418801856434154893,0.0,0.0
1418801856534500473,0.0,0.0
1418801856634902786,0.332422673702,0.166211336851
1418801856748397730,0.914312303066,0.74807369709
1418801856833830145,1.16352462769,1.08041572571
1418801856939489033,1.3297482729,1.3297482729
1418801857060036313,1.16354167461,1.16354167461
1418801857150001660,1.32990932465,1.24679005146
1418801857255293722,1.41291296482,1.08046293259
1418801857341850906,1.41290128231,1.16356575489
1418801857434129597,1.32927846909,1.16311872005
1418801857536247459,1.24607229233,1.16300082207
1418801857638291689,1.33086037636,1.24768161774
1418801857735831345,1.41286587715,1.24664640427
1418801857846398113,1.24648845196,0.997190773487
1418801857937336005,0.664972424507,0.914337098598
1418801858034256099,0.748026847839,1.24671137333
1418801858133897454,1.41285324097,1.24663519859
1418801858239883963,1.4126367569,1.16334795952
1418801858342101637,1.32991659641,1.24679684639
1418801858441962541,1.24662327766,1.08040678501
1418801858533800287,1.08052945137,1.16364705563
1418801858634185989,1.07997179031,1.16304659843
1418801858734166874,1.33038663864,1.08093905449
1418801858834678112,1.08040130138,1.16350913048
1418801858939739997,0.581746935844,1.2466006279
1418801859042381480,0.664804041386,1.24650752544
1418801859134255285,0.914405226707,1.24691617489
1418801859251146305,1.32978284359,0.997337162495
1418801859334803252,1.2466404438,1.08042180538
1418801859436983087,1.24661052227,1.08039569855
1418801859544295742,0.997361421585,1.08047485352
1418801859636545163,0.996416568756,1.07945132256
1418801859734075466,1.08141052723,1.24778139591
1418801859834090764,1.24592077732,1.24592077732
1418801859933770786,1.33092522621,1.16455960274
1418801860033836085,1.41251516342,1.08015859127
1418801860133885600,1.16341948509,1.16341948509
1418801860233890867,0.332489192486,1.24683439732
1418801860334094200,0.748028934002,1.163600564
1418801860434133408,1.32962393761,1.32962393761
1418801860533809952,1.24699020386,0.997592151165
1418801860634097698,1.32936644554,0.997024834156
1418801860734247594,1.3289835453,1.07979905605
1418801860833856273,1.41383183002,1.08116555214
1418801860934334241,1.32992768288,1.16368675232
1418801861034374065,1.24642670155,0.997141361237
1418801861134193862,1.41301095486,1.24677443504
1418801861234360440,1.32971596718,1.16350150108
1418801861334583606,1.3297983408,1.08046114445
1418801861434179013,0.997387230396,0.831156015396
1418801861533987384,0.747921705246,0.664819300175
1418801861633988324,1.16352176666,1.16352176666
1418801861734248414,1.24679267406,1.24679267406
1418801861836747060,1.24566733837,1.32871174812
1418801861933936732,1.41398382187,1.24763274193
1418801862034080832,1.24667084217,1.08044803143
1418801862134218459,1.3298689127,1.08051848412
1418801862233836514,1.24656558037,1.16346120834
1418801862334080583,1.32976818085,1.16354715824
1418801862434129131,1.32976055145,1.16354048252
1418801862534144905,1.41305315495,1.16369080544
1418801862634124030,1.32969534397,1.16348350048
1418801862734215639,1.32958948612,1.16339087486
1418801862833850144,1.24685788155,1.08061015606
1418801862933974987,1.24577748775,0.996621966362
1418801863034120439,1.33074390888,1.24757242203
1418801863134519467,1.32973790169,1.16352069378
1418801863234765087,1.32972383499,1.24661612511
1418801863334120167,1.16354906559,1.16354906559
1418801863434107909,1.24674189091,1.16362583637
1418801863534275954,1.3298561573,1.16362416744
1418801863634863673,1.32965874672,1.24655508995
1418801863734209231,1.41284263134,1.16351747513
1418801863834138631,1.32974660397,1.32974660397
1418801863934117216,1.24679112434,1.08055233955
1418801864034211530,1.16263818741,0.996546983719
1418801864134214475,1.33011674881,1.08071994781
1418801864234010065,1.33043205738,1.16412806511
1418801864334260735,1.49602198601,1.24668502808
1418801864434037392,1.41290724277,1.24668288231
1418801864534425109,1.32979822159,1.24668586254
1418801864634252220,1.16353523731,1.08042562008
1418801864734174669,1.24659669399,0.997277379036
1418801864833909386,1.24672806263,0.99738240242
1418801864934015309,1.32973957062,1.08041346073
1418801865034182223,1.32964968681,1.24654662609
1418801865134023861,1.24550032616,1.16246700287
1418801865234289300,1.24797725677,1.16477870941
1418801865334225323,1.24670934677,1.16359531879
1418801865434118737,1.3296983242,1.08037996292
1418801865534218322,1.32969546318,1.08037757874
1418801865633889192,1.32970225811,1.08038306236
1418801865734217057,1.32992041111,1.08056032658
1418801865834074063,1.0804694891,0.831130325794
1418801865934179132,0.0831103697419,0.249331101775
1418801866034909636,0.0,0.0
1418801866134223149,0.0,0.0
1418801866234344009,0.0,0.0
1418801866333878871,0.665397047997,0.499047785997
1418801866434199401,1.16348588467,0.997273564339
1418801866533912804,1.4132027626,1.08068454266
1418801866634192711,1.41295921803,1.16361343861
1418801866734227701,1.32971167564,1.08039081097
1418801866835358669,1.1635941267,1.08048033714
1418801866934230469,1.24658632278,1.08037471771
1418801867034217396,1.246753335,1.080519557
1418801867134311093,1.41291713715,1.24669158459
1418801867234232095,1.41291248798,1.16357505322
1418801867334295249,1.32825887203,1.16222655773
1418801867434208259,1.33115315437,1.16475903988
1418801867534394363,1.24677467346,1.08053803444
1418801867634354807,1.41268980503,1.3295904398
1418801867733713001,1.57796621323,1.24576282501
1418801867833807303,1.49572229385,1.41262662411
1418801867934300712,1.33019435406,1.08078289032
1418801868034248746,1.33048260212,0.997861981392
1418801868133759192,1.32890844345,1.0797380209
1418801868233793286,1.32970893383,1.1634953022
1418801868333662905,1.41294789314,1.16360414028
1418801868434420199,1.24656796455,1.16346335411
1418801868534283833,1.16455483437,1.08137238026
1418801868634180587,1.07953453064,0.996493458748
1418801868734397136,1.08028805256,0.914089858532
1418801868833674436,1.16369700432,1.08057582378
1418801868934291074,1.08102822304,1.08102822304
1418801869033660452,1.24618089199,1.24618089199
1418801869133684530,1.32960236073,1.32960236073
1418801869233722791,1.32915985584,1.24608743191
1418801869334322176,1.33134400845,0.998507976532
1418801869434238618,1.16367983818,1.08055984974
1418801869534378298,0.580118238926,1.325984478
1418801869633665652,1.4152828455,1.4152828455
1418801869734303417,1.66283333302,1.24712491035
1418801869834305673,1.33086037636,1.16450285912
1418801869933659834,1.16245555878,1.16245555878
1418801870034525166,1.32977807522,0.997333586216
1418801870133672481,1.24678039551,1.08054304123
1418801870233944161,1.24767291546,0.998138308525
1418801870335238705,1.3288680315,1.16275954247
1418801870434191133,1.2472089529,1.08091449738
1418801870534184977,1.16287839413,1.07981574535
1418801870634722525,1.2460654974,0.996852397919
1418801870734268112,1.24822342396,0.998578727245
1418801870835164379,1.24630570412,0.997044503689
1418801870934013920,1.07999908924,0.913845360279
1418801871033970304,0.83109587431,0.747986316681
1418801871134040389,1.33051049709,1.16419661045
1418801871234067667,1.32990539074,1.24678623676
1418801871334333999,1.32866549492,1.24562394619
1418801871434160130,1.32980120182,1.16357600689
1418801871533804631,1.41333711147,1.08078718185
1418801871634308139,1.33055496216,1.08107590675
1418801871734261360,1.16275477409,1.16275477409
1418801871833771405,1.16354489326,1.08043456078
1418801871934126222,1.24668800831,1.08046293259
1418801872034228905,1.24754095078,1.08120214939
1418801872134207125,1.24675238132,1.08051872253
1418801872234187131,1.32840752602,1.07933115959
1418801872333663458,1.24690449238,0.997523605824
1418801872433738672,1.24644482136,1.16334855556
1418801872534297045,1.33090698719,1.24772524834
1418801872634013004,1.3296700716,1.16346132755
1418801872733613200,1.49630630016,1.33005011082
1418801872833947439,1.40930974483,1.24350857735
1418801872933973216,1.33323550224,1.16658103466
1418801873034279794,1.32972800732,1.24662005901
1418801873133847293,1.32805669308,1.32805669308
1418801873239752347,1.41349160671,1.3303450346
1418801873333900346,1.41296565533,1.41296565533
1418801873434302512,1.24718260765,1.08089148998
1418801873534250570,1.16398096085,1.16398096085
1418801873634495204,1.24548518658,1.07942044735
1418801873734450710,1.24691367149,1.08065843582
1418801873834189496,1.33111810684,1.24792325497
1418801873934117096,1.49462628365,1.24552190304
1418801874034263101,1.24748909473,1.33065509796
1418801874133871826,1.24555850029,1.07948410511
1418801874233763807,1.24682915211,1.08058524132
1418801874334020741,1.33077263832,1.16442608833
1418801874434042915,1.41291761398,1.24669206142
1418801874534293368,1.57910394669,1.41288244724
1418801874635962097,1.41170203686,1.24561941624
1418801874734365045,1.16451776028,1.08133792877
1418801874834274221,1.32974886894,0.997311651707
1418801874933987657,1.24665701389,1.16354656219
1418801875034054285,1.41165280342,1.24557602406
1418801875134002438,1.16451084614,0.91497284174
1418801875235168241,0.0831198766828,0.166239753366
1418801875334191311,0.0,0.0
1418801875434384461,0.0,0.0
1418801875533933975,0.0,0.0
1418801875635581328,0.332367479801,0.415459364653
1418801875734231101,1.3302308321,1.16395199299
1418801875834161711,0.664923429489,0.581808030605
1418801875933956690,0.0830948799849,0.0
1418801876034297253,0.0,0.0
1418801876134374345,0.747427940369,0.581332862377
1418801876233973053,1.16447651386,1.08129966259
1418801876334282693,1.49601483345,1.16356706619
1418801876434979314,1.41291892529,1.16358029842
1418801876534280738,1.41296231747,1.16361606121
1418801876634243337,1.41343784332,1.16400766373
1418801876734254900,1.16304755211,0.830748260021
1418801876834221668,1.08037149906,0.498632967472
1418801876934117897,1.08017981052,0.166181504726
1418801877034271663,1.33016645908,0.665083229542
1418801877133998438,1.49597036839,1.1635324955
1418801877234427890,1.41156673431,1.07943344116
1418801877334241840,1.24775218964,0.915018260479
1418801877434371282,1.32983076572,1.16360187531
1418801877534388682,1.32981872559,1.16359138489
1418801877634109352,1.49574780464,1.16335940361
1418801877733992727,1.4130718708,1.16370630264
1418801877834353631,1.32986080647,0.997395634651
1418801877934264119,1.24635648727,0.997085154057
1418801878034453010,1.33002746105,1.08064734936
1418801878134429423,1.49598908424,1.16354703903
1418801878234422720,1.49605214596,1.24671006203
1418801878334369991,1.41158556938,1.24551677704
1418801878434381351,1.24758136272,0.998065114021
1418801878534215347,1.33000278473,1.08062720299
1418801878634239387,1.2469189167,1.08066308498
1418801878734335877,1.41263175011,1.08024787903
1418801878834897384,1.32964897156,1.16344285011
1418801878933997309,1.24669981003,1.08047318459
1418801879034037574,1.24699401855,1.1638610363
1418801879134255448,1.24643373489,1.08024251461
1418801879234073708,1.32961416245,1.08031141758
1418801879333997781,1.4129087925,1.16357195377
1418801879434130096,1.32860171795,1.1625264883
1418801879534286802,1.2477568388,1.16457295418
1418801879634346354,1.24662852287,1.24662852287
1418801879733998547,1.41293036938,1.2467032671
1418801879834003701,1.32991623878,1.16367673874
1418801879934155401,1.41291534901,1.16357731819
1418801880034564231,1.41277742386,1.16346371174
1418801880134580700,1.32954084873,1.08025193214
1418801880234344824,1.16382217407,1.08069205284
1418801880334268734,1.32969021797,1.16347897053
1418801880434153813,1.32976353168,1.24665331841
1418801880534616593,1.4117629528,1.16262829304
1418801880634083364,1.24739074707,0.99791264534
1418801880735598705,0.831304013729,0.831304013729
1418801880834438263,0.664939641953,0.581822216511
1418801880934053921,1.24662613869,1.08040928841
1418801881036258645,1.41271662712,1.246514678
1418801881134437336,1.41298890114,1.41298890114
1418801881234392822,1.4128125906,1.16349279881
1418801881334030866,1.41294550896,1.16360223293
1418801881434125418,1.24659395218,1.16348767281
1418801881534347500,1.32987654209,1.16364204884
1418801881634115078,1.41177475452,1.32872915268
1418801881734156159,1.41386008263,1.24752366543
1418801881834281899,1.41287922859,1.16354763508
1418801881934222168,1.32980024815,1.16357529163
1418801882034382407,1.16356742382,0.997343480587
1418801882134011466,1.16362786293,1.08051156998
1418801882234390198,1.24654388428,1.08033800125
1418801882334295140,1.32989752293,1.246778965
1418801882434363361,1.41288483143,1.16355228424
1418801882534265989,1.32983386517,1.32983386517
1418801882634364642,1.24658846855,0.99727076292
1418801882734104443,1.24570155144,1.07960796356
1418801882834286312,1.24759531021,1.16442227364
1418801882934353105,1.41299939156,1.16364657879
1418801883034446850,1.57905745506,1.32973265648
1418801883135846362,1.32950329781,1.32950329781
1418801883234376630,1.24676156044,1.1636441946
1418801883334303879,1.2468329668,0.997466385365
1418801883434040810,1.32978653908,1.24667477608
1418801883534061547,1.32977962494,1.16355717182
1418801883634311312,1.24648940563,1.16339015961
1418801883734282356,1.24676060677,1.16364324093
1418801883834885290,1.24581921101,1.16276466846
1418801883934361950,1.1644538641,0.998103320599
1418801884034525306,1.16330087185,0.914022147655
1418801884134160273,1.41210973263,1.07984864712
1418801884234114388,1.4139122963,1.24756968021
1418801884334465444,1.24668061733,1.1635684967
1418801884434386760,1.24667823315,1.08045446873
1418801884534527641,1.32946395874,1.24637246132
1418801884634627717,1.4090526104,1.16039633751
1418801884734486287,1.41707277298,1.25035834312
1418801884834594120,1.49596428871,1.24663686752
1418801884934495041,1.16270256042,0.913551986217
1418801885034129284,0.166339635849,0.166339635849
1418801885134709426,0.0,0.0
1418801885234324798,0.0,0.0
1418801885334358374,0.0,0.0
1418801885433696367,0.0,0.0
1418801885533936813,0.0,0.0
1418801885633839511,0.0,0.0
1418801885734294442,0.0,0.0
1418801885833890130,0.0,0.0
1418801885933839669,0.0,0.0
1418801886034086461,0.0,0.0
1418801886133975405,0.0,0.0
1418801886233815158,0.0,0.0
1418801886333903885,0.0,0.0
1418801886433903713,0.0,0.0
1418801886533910004,0.0,0.0
1418801886633854628,0.0,0.0
1418801886733907524,0.0,0.0
1418801886833800602,0.0,0.0
1418801886934450934,0.0,0.0
1418801887034272507,0.0,0.0
1418801887134674642,0.333143979311,1.499147892
1418801887234145258,0.332512944937,1.99507772923
1418801887333879114,0.332493722439,1.99496233463
1418801887436357080,0.332628071308,2.24523949623
1418801887533865172,0.332201808691,2.15931177139
1418801887634510841,-0.997426867485,3.32475614548
1418801887734019580,-1.08033299446,3.73961424828
1418801887833831091,-1.41297185421,3.90645170212
1418801887934448068,-1.58019387722,4.2415728569
1418801888034212302,-1.49612867832,4.32214975357
1418801888134679754,-1.65914809704,4.31378507614
1418801888233914000,-2.08070135117,4.57754278183
1418801888335098152,-2.41193366051,4.90703725815
1418801888434329668,-2.32643127441,4.9021229744
1418801888533848180,-2.40847659111,4.56780052185
1418801888634854094,-2.32538771629,4.48467636108
1418801888733823131,-1.99594330788,4.07505083084
1418801888834377688,-1.4972268343,3.07763290405
1418801888934440588,-1.49539840221,2.90771913528
1418801889033839344,-1.33006799221,2.57700681686
1418801889134266792,-1.41207516193,2.5749604702
1418801889234165289,-1.32943689823,2.4926943779
1418801889333869842,-1.24703752995,2.41093921661
1418801889434358895,-1.24754059315,2.411911726
1418801889534479672,-1.32968842983,2.57627129555
1418801889634637490,-1.24539971352,2.40777277946
1418801889733847917,-1.24719321728,2.49438643456
1418801889833720793,-1.24727964401,2.49455928802
1418801889934075781,-1.24674463272,2.24414038658
1418801890033915171,-1.24588906765,2.32565975189
1418801890134605266,-1.32954800129,2.40980577469
1418801890233969552,-1.33010208607,2.41080999374
1418801890334703184,-1.24453389645,2.40609884262
1418801890434087547,-0.999710679054,2.7492043972
1418801890534779416,-0.996432363987,2.74018907547
1418801890637255161,-0.998171746731,2.57861042023
1418801890734413267,-0.996677458286,2.6578066349
1418801890833919494,-1.16372776031,2.49370241165
1418801890934175455,-1.49677538872,2.32831716537
1418801891033945616,-1.41197037697,2.15948390961
1418801891133731816,-1.49691534042,2.24537301064
1418801891233926833,-1.07975900173,1.91034293175
1418801891334124938,-0.498970657587,1.24742662907
1418801891433949455,0.0,0.082933947444
1418801891533872386,0.0,0.0
1418801891634495086,0.0,0.0
1418801891733882277,0.0,0.0
1418801891833982816,0.0,0.0
1418801891933893486,0.0,0.0
1418801892033919868,0.0,0.0
1418801892134137238,0.0,0.0
1418801892233771118,0.0,0.0
1418801892333858074,0.0,0.0
1418801892433746153,0.0,0.0
1418801892535308427,0.0,0.0
1418801892633918536,0.0,0.0
1418801892734068283,0.0,0.0
1418801892833859519,0.0,0.0
1418801892933974038,0.0,0.0
1418801893034339367,0.0,0.0
1418801893134448064,0.0,0.0
1418801893233814160,0.0,0.0
1418801893334063311,0.0,0.0
1418801893434011759,0.0,0.0
1418801893533901874,0.0,0.0
1418801893634970031,0.0,0.0
1418801893733877525,0.0,0.0
1418801893833840500,0.0,0.0
1418801893934166413,0.0,0.0
1418801894033927451,0.0,0.0
1418801894134457274,0.0,0.0
1418801894233964747,0.0,0.0
1418801894334150281,0.0,0.0
1418801894433991137,0.0,0.0
1418801894533972129,0.0,0.0
1418801894634139135,0.0,0.0
1418801894734692922,0.0,0.0
1418801894834451448,0.0,0.0
1418801894933968936,0.0,0.0
1418801895033831872,0.0,0.0
1418801895134104589,0.0,0.0
1418801895233798019,0.0,0.0
1418801895333866878,0.0,0.0
1418801895433874862,0.0,0.0
1418801895533864380,0.0,0.0
1418801895634077384,0.0,0.0
1418801895733866579,0.0,0.0
1418801895834500776,0.0,0.0
1418801895936207570,0.0,0.0
1418801896034227158,0.0,0.0
1418801896134053229,0.0,0.0
1418801896233849935,0.0,0.0
1418801896333841848,0.0,0.0
1418801896433910008,0.0,0.0
1418801896533893570,0.0,0.0
1418801896634082910,-1.66207635403,1.49586868286
1418801896734904689,-1.9968392849,1.83043599129
1418801896834001981,-2.15868663788,1.99263370037
1418801896937172342,-2.90528988838,2.4902484417
1418801897034330630,-3.49619150162,3.07997822762
1418801897133899574,-3.82094693184,3.4886906147
1418801897234922941,-3.74351477623,3.24437952042
1418801897333871637,-3.98640990257,3.65420913696
1418801897433755122,-3.90872788429,3.40974140167
1418801897534178813,-3.98676013947,3.40535759926
1418801897633921093,-3.98904299736,3.40730762482
1418801897734653886,-3.90869474411,3.49287605286
1418801897834428840,-3.74000740051,3.49067354202
1418801897935570304,-3.82348895073,3.57413101196
1418801898034508024,-3.89714360237,3.48255372047
1418801898134174205,-3.82533383369,3.65901517868
1418801898234438196,-3.82905173302,3.49609088898
1418801898333897492,-3.73734045029,3.40513253212
1418801898433963397,-3.57672667503,3.41036725044
1418801898534240979,-3.32260537148,3.07341003418
1418801898636132413,-3.15809035301,2.82565975189
1418801898734544219,-2.74358820915,2.41103219986
1418801898833889831,-2.24304103851,1.99381434917
1418801898934335874,-1.99625265598,1.99625265598
1418801899034399392,-1.99472856522,2.07784223557
1418801899134069255,-1.90593147278,2.07166457176
1418801899234135560,-2.00003409386,1.8333646059
1418801899333892076,-1.91049492359,1.91049492359
1418801899433937419,-2.07760691643,1.9945025444
1418801899534011534,-2.07782959938,1.82849001884
1418801899634223831,-1.99413669109,1.82795858383
1418801899735619720,-1.99646890163,1.91328275204
1418801899834434819,-1.99357914925,1.91051340103
1418801899933886449,-1.9113984108,1.9113984108
1418801900034193747,-1.82858657837,1.74546897411
1418801900134118356,-1.91115987301,1.8280659914
1418801900236611734,-1.90836763382,1.99134016037
1418801900333889617,-1.8318271637,1.99835693836
1418801900434410211,-1.74528765678,1.91150546074
1418801900534730420,-1.74539291859,1.91162073612
1418801900634479541,-1.91133260727,1.99443399906
1418801900734700274,-2.0796751976,1.91330111027
1418801900834203422,-1.8281058073,1.8281058073
1418801900934123773,-1.74429786205,1.82735967636
1418801901033892520,-1.66319787502,2.07899737358
1418801901134076320,-1.82726299763,2.07643532753
1418801901233939769,-1.91145408154,1.82834744453
1418801901334762676,-1.65951013565,1.65951013565
1418801901433918164,-0.999060809612,0.749295592308
1418801901534081692,-0.166217684746,0.0
1418801901634260215,0.0,0.0
1418801901734131684,0.0,0.0
1418801901833979240,0.0,0.0
1418801901934243667,0.0,0.0
1418801902033940186,0.0,0.0
1418801902134261980,0.0,0.0
1418801902234021308,0.0,0.0
1418801902333920273,0.0,0.0
1418801902435071999,0.0,0.0
1418801902534510662,0.0,0.0
1418801902633941646,0.0,0.0
1418801902734054107,0.0,0.0
1418801902833947267,0.0,0.0
1418801902934657407,0.0,0.0
1418801903033847310,0.0,0.0
1418801903133954328,0.0,0.0
1418801903233982000,0.0,0.0
1418801903333932051,0.0,0.0
1418801903433965900,0.0,0.0
1418801903535162476,0.0,0.0
1418801903634254433,0.0,0.0
1418801903734146915,0.0,0.0
1418801903834019746,0.0,0.0
1418801903934036170,0.0,0.0
1418801904033957979,0.0,0.0
1418801904134204555,0.0,0.0
1418801904234042048,0.0,0.0
1418801904334544725,0.0,0.0
1418801904434762203,0.0,0.0
1418801904534040135,0.0,0.0
1418801904634995305,0.0,0.0
1418801904733947326,0.0,0.0
1418801904835138735,0.0,0.0
1418801904934891205,0.0,0.0
1418801905033938985,0.0,0.0
1418801905133986985,0.0,0.0
1418801905233961502,0.0,0.0
1418801905333935042,0.0,0.0
1418801905434016020,0.0,0.0
1418801905533957408,0.0,0.0
1418801905634215705,0.0,0.0
1418801905735210519,0.0,0.0
1418801905833954998,0.0,0.0
1418801905933933628,0.0,0.0
1418801906034104201,0.0,0.0
1418801906133984054,0.0,0.0
1418801906234156771,0.0,0.0
1418801906334435279,0.0,0.0
1418801906434281478,0.0,0.0
1418801906534283431,0.0,0.0
1418801906633988555,0.0,0.0
1418801906734570446,0.0,0.0
1418801906834956825,0.0,0.0
1418801906934674919,0.0,0.0
1418801907033982457,0.0,0.0
1418801907134187359,0.0,0.0
1418801907234088755,0.0,0.0
1418801907333986464,0.0,0.0
1418801907434002412,0.0,0.0
1418801907534237474,0.0,0.0
1418801907636011864,0.0,0.0
1418801907734098301,0.0,0.0
1418801907834030301,0.0,0.0
1418801907935038904,0.0,0.0
1418801908034176359,-0.249689847231,-0.74906951189
1418801908135263172,-0.0830453038216,-0.747407734394
1418801908234014302,-0.166367769241,-0.499103337526
1418801908334427873,-0.249296709895,-0.747890174389
1418801908433957098,-0.249603003263,-0.998412013054
1418801908533996789,-0.498317658901,-1.32884705067
1418801908633932423,-0.665148973465,-1.9954470396
1418801908735432727,-1.08000087738,-2.16000175476
1418801908833977515,-0.415518462658,-1.49586641788
1418801908934000195,0.0,-0.166220724583
1418801909034888356,0.0,0.0
1418801909134542832,0.0,0.0
1418801909234527899,0.0,0.0
1418801909334029544,0.0,0.0
1418801909434776113,0.0,0.0
1418801909534240225,0.0,0.0
1418801909634542883,0.0,0.0
1418801909734881043,0.0,0.0
1418801909834818040,0.0,0.0
1418801909934218960,0.0,0.0
1418801910034269761,0.0,0.0
1418801910134427267,0.0,0.0
1418801910234000015,0.0,0.0
1418801910334068424,0.0,0.0
1418801910434171970,0.0,0.0
1418801910534087338,0.0,0.0
1418801910634179413,0.0,0.0
1418801910734127844,0.0,0.0
1418801910834115401,0.0,0.0
1418801910934559664,0.0,0.0
1418801911034868092,0.0,0.0
1418801911134485066,0.0,0.0
1418801911235042844,0.0,0.0
1418801911334138385,0.0,0.0
1418801911434966749,0.0,0.0
1418801911534427762,0.0,0.0
1418801911633988142,0.0,0.0
1418801911734053062,0.0,0.0
1418801911834052626,0.0,0.0
1418801911933954997,0.0,0.0
1418801912034236288,0.0,0.0
1418801912134724845,0.0,0.0
1418801912233949722,0.0,0.0
1418801912334862591,0.0,0.0
1418801912433951007,0.0,0.0
1418801912534738552,0.0,0.0
1418801912634020927,0.0,0.0
1418801912734065890,0.0,0.0
1418801912834062963,0.0,0.0
1418801912934025464,0.0,0.0
1418801913036251676,0.0,0.0
1418801913134064666,0.0,0.0
1418801913234716761,0.0,0.0
1418801913334716870,0.0,0.0
1418801913434874923,0.0,0.0
1418801913534311484,0.0,0.0
1418801913634719475,0.0,0.0
1418801913734454423,0.0,0.0
1418801913837160762,0.0,0.0
1418801913934429563,0.0,0.0
1418801914034313589,0.0,0.0
1418801914134432471,0.0,0.0
1418801914234337870,0.0,0.0
1418801914334020106,0.0,0.0
1418801914434050879,0.0,0.0
1418801914534930091,0.0,0.0
1418801914635101040,0.0,0.0
1418801914734328598,0.0,0.0
1418801914834751935,0.0,0.0
1418801914934458718,0.0,0.0
1418801915034513818,0.0,0.0
1418801915134786922,0.0,0.0
1418801915234191904,0.0,0.0
1418801915334568470,0.0,0.0
1418801915434171123,0.0,0.0
1418801915534026796,0.0,0.0
1418801915635175844,0.0,0.0
1418801915735667766,0.0,0.0
1418801915834807293,0.0,0.0
1418801915935257173,0.0,0.0
1418801916034387092,0.0,0.0
1418801916134074664,0.0,0.0
1418801916234909220,0.0,0.0
1418801916334041906,0.0,0.0
1418801916434063294,0.0,0.0
1418801916534067177,0.0,0.0
1418801916634721932,0.0,0.0
1418801916735003691,0.0,0.0
1418801916834308364,0.0,0.0
1418801916934049258,0.0,0.0
1418801917035180082,0.0,0.0
1418801917134192006,0.0,0.0
1418801917235014373,0.0,0.0
1418801917334114654,0.0,0.0
1418801917434205654,0.0,0.0
1418801917534084250,0.0,0.0
1418801917634397100,0.0,0.0
1418801917734387463,0.0,0.0
1418801917834156770,0.0,0.0
1418801917934051460,0.0,0.0
1418801918034145106,0.0,0.0
1418801918134233906,0.0,0.0
1418801918239447999,0.0,0.0
1418801918334067067,0.0,0.0
1418801918434017489,0.0,0.0
1418801918534074430,0.0,0.0
1418801918634058948,0.0,0.0
1418801918735344481,0.0,0.0
1418801918834073605,0.0,0.0
1418801918938146988,0.0,0.0
1418801919033979460,0.0,0.0
1418801919134032719,0.0,0.0
1418801919234754042,0.0,0.0
1418801919334197836,0.0,0.0
1418801919434084865,0.0,0.0
1418801919534190886,0.0,0.0
1418801919634042938,0.0,0.0
1418801919735166713,0.0,0.0
1418801919834850146,0.0,0.0
1418801919934173030,0.0,0.0
1418801920035033807,0.0,0.0
1418801920134677352,0.0,0.0
1418801920234178531,0.0,0.0
1418801920334176702,0.0,0.0
1418801920434152059,0.0,0.0
1418801920534259835,0.0,0.0
1418801920634115373,0.0,0.0
1418801920734502910,0.0,0.0
1418801920834124971,0.0,0.0
1418801920934120034,0.0,0.0
1418801921034595190,0.0,0.0
1418801921135091258,0.0,0.0
1418801921234114899,0.0,0.0
1418801921334165147,0.0,0.0
1418801921435256159,0.0,0.0
1418801921536107454,0.0,0.0
1418801921634315208,0.0,0.0
1418801921734838046,0.0,0.0
1418801921834311881,0.0,0.0
1418801921935950330,0.0,0.0
1418801922034436414,-0.581739366055,-0.415528148413
1418801922134668681,-0.830393731594,-0.913433134556
1418801922238811792,-1.41187608242,-1.24577307701
1418801922334133834,-1.33180892467,-1.16533279419
1418801922434707121,-1.32907319069,-0.996804833412
1418801922534221055,-1.2467956543,-0.997436583042
1418801922634585823,-1.246986866,-1.08072197437
1418801922734307836,-1.16320669651,-0.99703425169
1418801922833957426,-1.08179104328,-0.998576283455
1418801922934642546,-1.24540424347,-1.07935035229
1418801923034372661,-1.24634182453,-1.08016300201
1418801923134698698,-1.2473089695,-1.08100104332
1418801923234345400,-1.32901346684,-0.996760129929
1418801923334861145,-1.24505519867,-1.07904791832
1418801923434448362,-1.08233118057,-0.999074935913
1418801923534550444,-1.24706709385,-0.997653663158
1418801923634720211,-1.32930910587,-1.2462272644
1418801923734348240,-1.32931220531,-1.24623024464
1418801923834219899,-1.66186571121,-1.08021271229
1418801923934418200,-2.32899260521,-0.166356608272
1418801924034611391,-2.65998411179,0.332498013973
1418801924134652210,-3.40668511391,0.747808933258
1418801924234264617,-3.65506625175,1.07990598679
1418801924334595790,-3.82551336288,1.08112335205
1418801924434657415,-4.65090513229,1.82714128494
1418801924534910559,-4.90777206421,2.16274690628
1418801924634742214,-4.73557901382,2.32624936104
1418801924734217642,-4.81841087341,2.32612919807
1418801924834347789,-4.90624666214,2.32838821411
1418801924934602178,-4.73754405975,2.41032934189
1418801925034077016,-4.81583738327,2.57398200035
1418801925136787980,-4.49092245102,2.57812213898
1418801925234594090,-4.57242774963,2.66032147408
1418801925334597565,-4.57167005539,2.74300193787
1418801925435053784,-4.63680028915,2.73240017891
1418801925534579386,-4.50058221817,2.83369994164
1418801925634602575,-4.49075317383,2.82751131058
1418801925734181630,-4.40303564072,2.82458901405
1418801925836613426,-4.5707988739,2.82558465004
1418801925934640202,-4.40883970261,2.828312397
1418801926034315890,-4.32180213928,2.82579350471
1418801926134347012,-4.23760414124,2.9081594944
1418801926233994893,-4.32201433182,3.07527947426
1418801926334067030,-4.31867313385,2.98985052109
1418801926434925237,-4.40476036072,2.99191260338
1418801926535137192,-4.14870357513,2.82111859322
1418801926634753977,-3.58187150955,2.4156806469
1418801926734136419,-3.32279682159,1.82753825188
1418801926834640921,-2.91118383408,1.49718034267
1418801926934848318,-2.7422068119,1.49574923515
1418801927034324636,-2.74105620384,1.49512159824
1418801927134823140,-2.57721710205,1.57958471775
1418801927234861751,-2.24256253242,1.41198384762
1418801927334237800,-2.32764720917,1.24695384502
1418801927434771933,-2.16075015068,1.57900965214
1418801927534418882,-2.07770586014,1.66216468811
1418801927634752259,-2.16066837311,1.57895004749
1418801927734114609,-2.41083455086,1.57951235771
1418801927834143500,-2.32704615593,1.49595832825
1418801927934758113,-1.99634218216,1.58043754101
1418801928034591739,-1.91149783134,1.66217195988
1418801928134837169,-2.07766842842,1.911454916
1418801928234048188,-1.99365150928,1.66137623787
1418801928334175944,-1.99372088909,1.66143405437
1418801928434171219,-2.07756209373,1.66204977036
1418801928534150843,-2.16125702858,1.82875597477
1418801928634679356,-1.99599468708,1.91282820702
1418801928735096734,-1.98957192898,1.82377433777
1418801928834228307,-1.99868202209,1.91540360451
1418801928934624436,-2.07784700394,1.9116191864
1418801929034107460,-1.8282725811,1.74516928196
1418801929134181660,-0.914308309555,0.831189393997
1418801929234148163,-0.166182771325,0.0
1418801929334160498,0.0,0.0
1418801929434257830,0.0,0.0
1418801929534160703,0.0,0.0
1418801929634241790,0.0,0.0
1418801929734545343,0.0,0.0
1418801929835398247,0.0,0.0
1418801929934397947,0.0,0.0
1418801930035678720,0.0,0.0
1418801930134137174,0.0,0.0
1418801930234237622,0.0,0.0
1418801930334230472,0.0,0.0
1418801930434373814,0.0,0.0
1418801930534240050,0.0,0.0
1418801930634349446,0.0,0.0
1418801930734345157,0.0,0.0
1418801930834537916,0.0,0.0
1418801930935922255,0.0,0.0
1418801931035395135,0.0,0.0
1418801931134301904,0.0,0.0
1418801931234348393,0.0,0.0
1418801931334214247,0.0,0.0
1418801931434272746,0.0,0.0
1418801931534220578,0.0,0.0
1418801931634198157,0.0,0.0
1418801931734311155,0.0,0.0
1418801931834207585,0.0,0.0
1418801931934328801,0.0,0.0
1418801932034729971,0.0,0.0
1418801932134382883,0.0,0.0
1418801932234018119,0.0,0.0
1418801932334241470,0.0,0.0
1418801932434257927,-0.49862498045,-0.249312490225
1418801932534700287,-0.831747889519,-1.08127224445
1418801932634297678,-1.24612307549,-1.07997334003
1418801932734155022,-1.24634170532,-0.913983941078
1418801932834080462,-1.4136698246,-0.831570506096
1418801932934330956,-1.3295340538,-0.830958783627
1418801933034609118,-1.16414391994,-0.914684534073
1418801933135054142,-1.32845425606,-0.996340692043
1418801933234598426,-1.33091747761,-0.998188138008
1418801933335005054,-1.49459338188,-1.07942855358
1418801933434306006,-1.58015620708,-1.08115959167
1418801933534662216,-1.33012831211,-0.997596263885
1418801933634667358,-1.24655342102,-0.914139151573
1418801933735372313,-1.32889962196,-0.913618505001
1418801933838516351,-1.41339969635,-0.997693896294
1418801933934515814,-1.4122852087,-1.16305840015
1418801934034702198,-1.3308300972,-1.08129954338
1418801934134806132,-1.24652016163,-1.08031749725
1418801934235245464,-1.49135231972,-0.911381959915
1418801934335688386,-2.33400893211,-0.166714921594
1418801934438640372,-2.82637643814,0.332514882088
1418801934534767945,-3.57429480553,0.831231355667
1418801934634552419,-3.98491382599,1.16226649284
1418801934735543365,-4.15578508377,1.41296696663
1418801934834412337,-4.65320634842,1.91113841534
1418801934935544950,-4.74327039719,2.2468123436
1418801935034667193,-4.90322542191,2.41005992889
1418801935134753341,-4.89945602417,2.40820717812
1418801935236621201,-4.73977470398,2.57777237892
1418801935334349904,-4.73594474792,2.49260234833
1418801935435365595,-4.73940420151,2.57757091522
1418801935534664479,-4.73719787598,2.65947937965
1418801935634526350,-4.56654644012,2.82295584679
1418801935734248419,-4.48940896988,2.74352788925
1418801935834226692,-4.57115650177,2.82580590248
1418801935934210798,-4.5721745491,2.74330472946
1418801936034700743,-4.74043035507,2.74445962906
1418801936134782236,-4.31955194473,2.82432246208
1418801936234105511,-4.40689373016,2.57761716843
1418801936334969915,-3.8153963089,2.15652823448
1418801936434837382,-3.74501037598,1.49800419807
1418801936534766893,-2.99397373199,1.41382086277
1418801936634268999,-2.90681481361,1.32882964611
1418801936734381333,-2.82789945602,1.16442918777
1418801936834575966,-2.6595146656,1.1635376215
1418801936934920918,-2.82361125946,1.16266345978
1418801937034870958,-2.66137123108,1.1643499136
1418801937134335827,-2.65708899498,1.32854449749
1418801937234394995,-2.65873217583,1.24628067017
1418801937334686451,-2.41344022751,1.41477537155
1418801937434933438,-2.49161529541,1.32886147499
1418801937534896371,-2.49450469017,1.16410219669
1418801937634258661,-2.40872573853,1.24589264393
1418801937734295190,-2.57648420334,1.49602305889
1418801937834265839,-2.32691216469,1.74518418312
1418801937934198591,-2.3274936676,1.32999646664
1418801938034205340,-2.49365735054,1.32995057106
1418801938134369572,-2.2423350811,1.24574172497
1418801938234218338,-1.24719035625,0.415730118752
1418801938340075573,-0.249352946877,0.0
1418801938434383060,0.0,0.0
1418801938538211990,0.0,0.0
1418801938636929583,0.0,0.0
1418801938734238837,0.0,0.0
1418801938834264671,0.0,0.0
1418801938936566440,0.0,0.0
1418801939034408386,0.0,0.0
1418801939134500542,0.0,0.0
1418801939235358598,0.0,0.0
1418801939334230029,0.0,0.0
1418801939434347642,0.0,0.0
1418801939534460079,0.0,0.0
1418801939635336641,0.0,0.0
1418801939734398610,0.0,0.0
1418801939834319540,0.0,0.0
1418801939934308328,0.0,0.0
1418801940034317083,0.0,0.0
1418801940134379671,0.0,0.0
1418801940234339688,0.0,0.0
1418801940334352712,0.0,0.0
1418801940434350550,0.0,0.0
1418801940534302947,0.0,0.0
1418801940634291358,0.0,0.0
1418801940735287341,0.0,0.0
1418801940834869083,0.0,0.0
1418801940934442389,0.0,0.0
1418801941034265178,0.0,0.0
1418801941134622355,0.0,0.0
1418801941234281010,0.0,0.0
1418801941334261138,0.0,0.0
1418801941434263859,0.0,0.0
1418801941534367237,0.0,0.0
1418801941634312897,0.0,0.0
1418801941734275372,0.0,0.0
1418801941835094466,0.0,0.0
1418801941934313137,0.0,0.0
1418801942034461191,0.0,0.0
1418801942135070317,0.0,0.0
1418801942234282886,0.0,0.0
1418801942334315088,0.0,0.0
1418801942434882824,0.0,0.0
1418801942534340899,0.0,0.0
1418801942634231682,0.0,0.0
1418801942734161798,0.0,0.0
1418801942835764634,0.0,0.0
1418801942937875816,0.0,0.0
1418801943034441432,0.0,0.0
1418801943136709391,0.0,0.0
1418801943234427174,0.0,0.0
1418801943335070219,0.0,0.0
1418801943434698949,0.0,0.0
1418801943535538412,0.0,0.0
1418801943634467764,0.0,0.0
1418801943736600893,0.0,0.0
1418801943834361811,0.0,0.0
1418801943934193819,0.0,0.0
1418801944034342679,0.0,0.0
1418801944134445327,0.0,0.0
1418801944234271244,0.0,0.0
1418801944334202798,0.0,0.0
1418801944434394949,0.0,0.0
1418801944534338578,0.0,0.0
1418801944634687191,0.0,0.0
1418801944734404644,0.0,0.0
1418801944834346639,0.0,0.0
1418801944934748171,0.0,0.0
1418801945034319372,0.0,0.0
1418801945135102224,0.0,0.0
1418801945234380372,0.0,0.0
1418801945334501140,0.0,0.0
1418801945434181577,0.0,0.0
1418801945534202056,0.0,0.0
1418801945634658405,0.0,0.0
1418801945734438721,0.0,0.0
1418801945834469400,0.0,0.0
1418801945934338196,0.0,0.0
1418801946034580170,0.0,0.0
1418801946134604511,0.0,0.0
1418801946235282241,0.0,0.0
1418801946334310066,0.0,0.0
1418801946434388576,0.0,0.0
1418801946534331400,0.0,0.0
1418801946634666961,0.0,0.0
1418801946734409071,0.0,0.0
1418801946836255211,0.0,0.0
1418801946934610122,0.0,0.0
1418801947034584065,0.0,0.0
1418801947135932304,0.0,0.0
1418801947234367137,0.0,0.0
1418801947334428526,0.0,0.0
1418801947434948598,0.0,0.0
1418801947587957499,0.0,0.0
1418801947634319272,0.0,0.0
1418801947734327070,0.0,0.0
1418801947856160807,0.0,0.0
1418801947934210406,0.0,0.0
1418801948034143031,0.0,0.0
1418801948134589105,0.0,0.0
1418801948234314718,0.0,0.0
1418801948395646066,0.0,0.0
1418801948434273688,0.0,0.0
1418801948534270113,0.0,0.0
1418801948664098554,0.0,0.0
1418801948734535547,0.0,0.0
1418801948834297266,0.0,0.0
1418801948934411726,0.0,0.0
1418801949034978817,0.0,0.0
1418801949200399911,0.0,0.0
1418801949234549927,0.0,0.0
1418801949334604586,0.0,0.0
1418801949468717653,0.0,0.0
1418801949535415830,0.0,0.0
1418801949634373362,0.0,0.0
1418801949736274734,0.0,0.0
1418801949834550133,0.0,0.0
1418801950004457098,0.0,0.0
1418801950034451383,0.0,0.0
1418801950134556658,0.0,0.0
1418801950272227024,0.0,0.0
1418801950334448742,0.0,0.0
1418801950434477136,0.0,0.0
1418801950592456883,0.0,0.0
1418801950635661193,0.0,0.0
1418801950735003562,0.0,0.0
1418801950912538974,0.0,0.0
1418801950934492876,0.0,0.0
1418801951034774757,0.0,0.0
1418801951233873764,0.0,0.0
1418801951236435626,0.0,0.0
1418801951334997249,0.0,0.0
1418801951436686114,0.0,0.0
1418801951534777681,0.0,0.0
1418801951634740706,0.0,0.0
1418801951734883227,0.0,0.0
1418801951834788611,0.0,0.0
1418801951934818704,0.0,0.0
1418801952034763367,0.0,0.0
1418801952134652706,0.0,0.0
1418801952234549342,0.0,0.0
1418801952334801584,0.249341711402,0.332455635071
1418801952435555912,1.2466121912,0.914182305336
1418801952534819298,1.41282296181,1.08039402962
1418801952634633297,1.24652051926,1.16341912746
1418801952735689412,1.08055388927,0.997434318066
1418801952839189160,1.07932341099,0.996298491955
1418801952938236559,1.0815577507,1.16475450993
1418801953037062134,1.24679398537,1.24679398537
1418801953134906993,1.24667429924,1.24667429924
1418801953235247078,1.41236388683,1.41236388683
1418801953334672185,1.24706017971,1.16392278671
1418801953434879669,1.24669575691,1.08046960831
1418801953534851611,1.16359198093,1.08047819138
1418801953634852650,1.24608945847,1.07994413376
1418801953734931724,1.41343319416,1.16400372982
1418801953834528004,1.41287016869,1.24665009975
1418801953934948823,1.32889056206,1.32889056206
1418801954038166397,1.24734938145,1.08103621006
1418801954134871214,1.2466019392,1.16349518299
1418801954234769749,1.24687290192,1.08062314987
1418801954334864972,1.32980453968,1.2466917038
1418801954434940482,1.32981944084,1.24670577049
1418801954534833210,1.32954967022,1.24645280838
1418801954634928598,1.16351532936,1.08040714264
1418801954734945615,1.24691188335,1.08065700531
1418801954834791874,1.24663853645,0.997310757637
1418801954934821685,1.3297971487,1.3297971487
1418801955034910727,1.4117013216,1.16257762909
1418801955134919752,1.24758040905,1.16440844536
1418801955234943262,1.2466930151,1.16358017921
1418801955334914314,1.16365849972,0.914303064346
1418801955434579666,1.32950472832,0.997128546238
1418801955534569617,1.32995641232,1.08058965206
1418801955635662309,1.41275644302,1.1634465456
1418801955737538681,1.41340494156,1.16398060322
1418801955834556084,1.16326773167,1.16326773167
1418801955934782523,1.41292071342,1.16358172894
1418801956034893201,1.24663901329,1.16352975368
1418801956134949842,1.4118026495,0.996566593647
1418801956234818752,1.24763703346,0.998109579086
1418801956334553307,1.3298355341,1.16360604763
1418801956434556985,1.33000051975,1.08062541485
1418801956535083437,1.32953774929,1.24644160271
1418801956635048796,1.24650359154,0.997202813625
1418801956734596900,0.997666954994,0.831389129162
1418801956835000618,1.24614274502,0.99691426754
1418801956940167753,1.41306352615,1.24682068825
1418801957034988916,1.32978355885,1.08044910431
1418801957134589611,1.329844594,1.16361391544
1418801957234894144,1.41183710098,1.24573862553
1418801957334989553,1.41387629509,1.24753797054
1418801957434896579,1.41287136078,1.16354107857
1418801957534978062,1.32991552353,1.16367602348
1418801957634900626,1.16343963146,1.08033680916
1418801957735182825,1.16350483894,0.997289896011
1418801957834808760,1.16356301308,1.16356301308
1418801957934553337,1.41292273998,1.24669647217
1418801958035338821,1.41296863556,1.16362118721
1418801958134566367,1.3297753334,1.24666440487
1418801958234791270,1.32962751389,1.24652576447
1418801958334894128,1.24578952789,1.07968425751
1418801958434891034,1.24765706062,1.16447997093
1418801958534848829,1.49596428871,1.24663686752
1418801958634856864,1.49589073658,1.4127856493
1418801958734865501,1.32973194122,1.32973194122
1418801958834917186,1.24668252468,1.16357028484
1418801958934585505,1.24677300453,1.08053660393
1418801959036402153,1.24670112133,1.1635876894
1418801959134869280,1.32959544659,1.080296278
1418801959234830049,1.24675440788,1.24675440788
1418801959334927162,1.32983124256,1.16360235214
1418801959434880410,1.24577665329,1.16272485256
1418801959535026912,1.16419363022,1.08103692532
1418801959634882889,1.32985162735,1.16362023354
1418801959737026839,1.30311453342,1.14022517204
1418801959834975898,1.44259727001,1.27287995815
1418801959936999648,1.24663615227,1.32974517345
1418801960034738707,1.32962846756,1.16342484951
1418801960134946703,1.24652612209,1.16342437267
1418801960236646833,1.33004701138,1.16379117966
1418801960334664423,1.41288089752,1.16354894638
1418801960434612842,1.49585223198,1.32964646816
1418801960535662196,1.41186499596,1.32881402969
1418801960634906118,1.2476593256,1.16448199749
1418801960734933501,1.32979428768,1.0804579258
1418801960834933536,0.99707698822,0.830897510052
1418801960934928777,0.166265770793,0.0831328853965
1418801961034901846,0.0,0.0
1418801961135653115,0.0,0.0
1418801961234851745,0.0,0.0
1418801961334970069,0.498613595963,0.415511339903
1418801961435075748,1.24673318863,1.08050215244
1418801961535578216,1.41293072701,1.16358995438
1418801961635109494,1.32855427265,1.24551963806
1418801961734580211,1.16363537312,0.914284944534
1418801961835277085,0.249281778932,0.249281778932
1418801961934434231,0.0,0.0
1418801962036405407,0.0,0.0
1418801962134872967,0.0,0.0
1418801962234346737,0.0,0.0
1418801962334603938,0.0,0.0
1418801962434335294,0.0,0.0
1418801962534376292,0.0,0.0
1418801962635536012,0.0,0.0
1418801962734504295,0.0,0.0
1418801962834381868,0.0,0.0
1418801962934549209,0.0,0.0
1418801963034406652,0.0,0.0
1418801963134990222,0.0,0.0
1418801963235031246,0.0,0.0
1418801963334482898,0.0,0.0
1418801963434505282,0.0,0.0
1418801963534522161,0.0,0.0
1418801963634466094,0.0,0.0
1418801963735794947,0.0,0.0
1418801963834492848,0.0,0.0
1418801963934481961,0.0,0.0
1418801964034430190,0.0,0.0
1418801964135606596,0.0,0.0
1418801964236643600,0.0,0.0
1418801964334517737,0.0,0.0
1418801964434375228,0.0,0.0
1418801964534497845,0.0,0.0
1418801964634418532,0.0,0.0
1418801964734387649,0.0,0.0
1418801964835187109,0.0,0.0
1418801964934525221,0.0,0.0
1418801965035568902,0.0,0.0
1418801965134825484,0.0,0.0
1418801965235500174,0.0,0.0
1418801965334876329,0.0,0.0
1418801965434805382,0.0,0.0
1418801965534589878,0.0,0.0
1418801965634994172,0.0,0.0
1418801965738946338,0.0,0.0
1418801965834896896,0.0,0.0
1418801965934784824,0.0,0.0
1418801966034835005,0.0,0.0
1418801966135026594,0.0,0.0
1418801966234862015,0.0,0.0
1418801966334854688,0.0,0.0
1418801966434873358,0.0,0.0
1418801966535502382,0.0,0.0
1418801966634794391,0.0,0.0
1418801966735013186,0.498685002327,0.332456678152
1418801966837335007,1.32982504368,0.914254724979
1418801966934786511,1.24662780762,1.16351926327
1418801967035055938,1.49500513077,0.99667006731
1418801967134990379,1.41380834579,1.08114755154
1418801967235243692,1.3297945261,1.16357028484
1418801967334920010,1.32983613014,1.16360652447
1418801967434918533,1.49603879452,1.32981228828
1418801967534734280,1.41289234161,1.16355836391
1418801967634869002,1.32969987392,1.16348743439
1418801967734906904,1.24670505524,1.08047771454
1418801967834839191,1.16355991364,0.997337043285
1418801967934641977,1.16397988796,1.08083844185
1418801968034898931,1.32914125919,1.07992732525
1418801968135036537,1.32878065109,1.1626830101
1418801968235067546,1.33085989952,1.2476811409
1418801968335054522,1.24668478966,0.997347831726
1418801968435573855,1.24655354023,0.997242867947
1418801968535019589,1.24670219421,1.08047521114
1418801968635091033,1.32964968681,1.16344356537
1418801968734923062,1.32998251915,1.16373467445
1418801968835009194,1.41225647926,1.24610865116
1418801968935129575,1.33027243614,1.16398835182
1418801969036680109,1.16363203526,1.08051538467
1418801969135100712,1.32977306843,1.08044064045
1418801969235167826,1.2457100153,1.16266262531
1418801969338603640,1.33060514927,1.16427958012
1418801969440184997,1.32972550392,1.32972550392
1418801969536183039,1.16381752491,1.08068776131
1418801969637559991,1.16353917122,1.16353917122
1418801969735034783,1.24697995186,1.16384804249
1418801969836357902,1.24661660194,0.997293293476
1418801969935281064,1.32942032814,1.16324281693
1418801970035257864,1.32983505726,1.16360569
1418801970135068865,1.24667704105,1.24667704105
1418801970235148553,1.32967483997,1.08036077023
1418801970335081958,1.24579656124,1.32884967327
1418801970434796607,1.41414868832,1.08140778542
1418801970534727701,1.49587142467,1.24655950069
1418801970634726229,1.41291260719,1.32980012894
1418801970734612461,1.32993447781,1.32993447781
1418801970834728451,1.24637067318,1.32946205139
1418801970935161033,1.32981574535,1.32981574535
1418801971035011032,0.83112603426,0.748013436794
1418801971135096367,0.581691920757,0.581691920757
1418801971234926022,1.24671220779,1.08048391342
1418801971335027491,1.32991921902,1.32991921902
1418801971435121266,1.32868337631,1.24564063549
1418801971535044220,1.24761617184,1.33079051971
1418801971634700548,1.24694263935,1.16381311417
1418801971735048171,1.32956802845,1.08027398586
1418801971835030924,1.24651300907,1.08031129837
1418801971935253026,1.32980179787,1.2466892004
1418801972035030998,1.32984554768,1.16361486912
1418801972138336978,1.24669861794,1.24669861794
1418801972234804975,1.32970750332,1.24660074711
1418801972334842095,1.41288912296,1.24666690826
1418801972437568192,1.24669742584,1.08047103882
1418801972534882700,1.32874941826,1.07960891724
1418801972634714775,1.16437828541,1.16437828541
1418801972736323940,1.16359066963,1.16359066963
1418801972835025194,1.08022916317,1.16332376003
1418801972935198193,1.24694740772,1.33007717133
1418801973034690689,1.24653720856,1.08033216
1418801973135052805,1.32987356186,1.08052229881
1418801973235053002,1.16358149052,1.08046841621
1418801973334869537,1.24673998356,1.0805079937
1418801973435169620,1.24661266804,1.16350519657
1418801973535581700,1.32983219624,1.24671769142
1418801973634861118,1.32841014862,1.16235888004
1418801973734893550,1.4142062664,1.16464054585
1418801973835250157,1.24666285515,1.08044111729
1418801973934907162,1.16360449791,1.08048987389
1418801974035809392,1.24658548832,1.08037412167
1418801974135248489,1.24650669098,1.16340625286
1418801974234703036,1.32988977432,1.16365349293
1418801974334683082,1.32986724377,1.24675047398
1418801974435167839,1.24651670456,1.16341567039
1418801974535014019,1.16360485554,0.997375547886
1418801974635663102,1.24652159214,1.16342008114
1418801974734980854,1.32902944088,1.16290080547
1418801974835552657,1.41394245625,1.33076930046
1418801974934939723,1.49597620964,1.32975661755
1418801975034898038,1.32976460457,1.32976460457
1418801975135548134,1.24669587612,1.08046984673
1418801975235800882,1.24666583538,0.997332692146
1418801975335342353,1.16290199757,0.996773123741
1418801975434909148,0.249381154776,0.166254103184
1418801975535072495,0.0,0.0
1418801975635190888,0.0,0.0
1418801975734995271,0.0,0.0
1418801975835196939,0.581080019474,0.415057182312
1418801975935063799,1.1648709774,0.998460829258
1418801976035692655,1.57909309864,1.32976257801
1418801976134873098,1.49599516392,1.24666261673
1418801976234639940,1.07984566689,0.996780633926
1418801976334542836,0.166245043278,0.0831225216389
1418801976434857738,0.0,0.0
1418801976534997392,0.0,0.0
1418801976634725192,0.0,0.0
1418801976736293027,0.0,0.0
1418801976834555761,0.0,0.0
1418801976935475481,0.0,0.0
1418801977037306700,0.0,0.0
1418801977134777566,0.0,0.0
1418801977234587792,0.0,0.0
1418801977334494589,0.0,0.0
1418801977435093802,0.0,0.0
1418801977534576680,0.0,0.0
1418801977634882679,0.0,0.0
1418801977734521474,0.0,0.0
1418801977834811640,0.0,0.0
1418801977934526925,0.0,0.0
1418801978035104617,0.0,0.0
1418801978134680849,0.0,0.0
1418801978234484060,0.0,0.0
1418801978334521328,0.0,0.0
1418801978434593828,0.0,0.0
1418801978534699581,0.0,0.0
1418801978643690119,0.0,0.0
1418801978734493642,0.0,0.0
1418801978834673933,0.0,0.0
1418801978947364628,0.0,0.0
1418801979035595592,0.0,0.0
1418801979140192492,0.0,0.0
1418801979235310947,0.0,0.0
1418801979334681847,0.0,0.0
1418801979434878287,0.0,0.0
1418801979534548614,0.0,0.0
1418801979635344416,0.0,0.0
1418801979734757099,0.0,0.0
1418801979834930101,0.0,0.0
1418801979935018764,0.0,0.0
1418801980035130934,0.0,0.0
1418801980134676402,0.0,0.0
1418801980235536790,0.0,0.0
1418801980335145002,0.0,0.0
1418801980435352363,0.0,0.0
1418801980534872514,0.0,0.0
1418801980634666692,0.0,0.0
1418801980734935746,0.0,0.0
1418801980834879990,0.0,0.0
1418801980934705191,0.0,0.0
1418801981034987963,0.0,0.0
1418801981135487552,0.0,0.0
1418801981235643374,0.332438588142,0.249328941107
1418801981334750370,0.996581554413,0.913533091545
1418801981435625867,1.41395711899,1.16443526745
1418801981534965719,1.41290938854,1.16357243061
1418801981635098295,1.32958471775,1.24648571014
1418801981734976550,1.24680376053,1.24680376053
1418801981835038329,1.24666059017,1.08043920994
1418801981934965176,1.24675440788,0.997403562069
1418801982034952252,1.24669361115,1.16358065605
1418801982135051675,1.32973814011,1.16352081299
1418801982234730674,1.41284918785,1.24663162231
1418801982334752398,1.32984900475,1.24673342705
1418801982435271149,1.32860136032,1.16252613068
1418801982535028984,1.2477029562,1.08134257793
1418801982634827597,1.32925236225,1.08001756668
1418801982734984445,1.24692547321,1.16379714012
1418801982835140472,1.32955646515,1.16336190701
1418801982935187828,1.16388833523,1.08075344563
1418801983034796574,1.16356015205,1.24667155743
1418801983135091049,1.08018791676,0.997096478939
1418801983235060553,1.16378974915,1.08066189289
1418801983334962358,1.16303253174,0.996885001659
1418801983435053602,1.24729502201,1.08098900318
1418801983534876066,1.24580895901,1.16275501251
1418801983634831776,1.16417527199,1.08101987839
1418801983735317237,1.24677789211,1.16365933418
1418801983914532554,1.16361677647,1.16361677647
1418801983934484412,1.33013737202,1.08073663712
1418801984035131848,1.24621510506,1.16313409805
1418801984232515477,1.32970678806,1.08038675785
1418801984235526236,1.24640309811,1.08021605015
1418801984335104471,1.16429281235,1.16429281235
1418801984552416723,1.30168545246,1.22033011913
1418801984554912327,1.2738057375,1.18888533115
1418801984635167332,1.32868623734,1.07955753803
1418801984734969266,1.2477837801,1.16459810734
1418801984873546144,1.08063304424,1.08063304424
1418801984935354369,1.16343271732,1.08033037186
1418801985034939703,1.24692058563,1.16379249096
1418801985192770265,1.24595487118,1.16289114952
1418801985235021458,1.33005487919,1.33005487919
1418801985335021545,1.32982480526,1.16359674931
1418801985513823362,1.16310107708,1.16310107708
1418801985536471819,1.16390073299,0.997629225254
1418801985634989292,0.914286673069,0.914286673069
1418801985833141507,0.664411664009,0.747463107109
1418801985835306662,1.33079695702,1.16444730759
1418801985935021129,1.4959281683,1.4959281683
1418801986153226212,1.45819079876,1.29616963863
1418801986155141484,1.19431209564,1.19431209564
1418801986235086857,1.16368067265,0.997440636158
1418801986335113642,1.32989275455,1.16365611553
1418801986472545323,1.24667966366,1.16356766224
1418801986535156360,1.32963049412,1.16342663765
1418801986635287455,1.3295725584,1.3295725584
1418801986795513752,1.16377723217,1.16377723217
1418801986835237961,1.24579119682,1.16273844242
1418801986935021243,1.33075225353,1.16440820694
1418801987112491183,1.24651622772,1.16341519356
1418801987134772718,1.41285085678,1.32974207401
1418801987235349929,1.32996499538,1.32996499538
1418801987430337773,1.41291904449,1.16358041763
1418801987435068962,1.24652016163,1.16341876984
1418801987535430275,1.24665510654,1.16354477406
1418801987751988156,1.38142073154,1.21890056133
1418801987753844518,1.36096799374,1.27590739727
1418801987835046245,1.41282093525,1.32971382141
1418801987934851225,1.1624314785,0.996369838715
1418801988078649137,0.998223364353,0.998223364353
1418801988135059318,1.16365647316,0.997419834137
1418801988234770042,1.08041477203,0.997305870056
1418801988334975108,1.2466442585,1.16353464127
1418801988435050490,1.32972240448,1.16350710392
1418801988535005209,1.32973515987,1.32973515987
1418801988634965107,1.24627971649,1.08010911942
1418801988735599605,1.16401863098,0.914586126804
1418801988834758987,1.24661612511,1.08040070534
1418801988935600680,1.24642181396,1.16332697868
1418801989035601270,1.49508655071,1.24590539932
1418801989135038247,1.41376137733,1.24743652344
1418801989235039495,1.33004021645,1.24691259861
1418801989334990061,1.3297598362,1.16353988647
1418801989435063795,1.24664533138,1.0804258585
1418801989535347594,1.24659121037,1.08037900925
1418801989635230185,1.32975697517,1.08042752743
1418801989735620935,1.16366171837,1.16366171837
1418801989837577269,1.24650800228,1.08030688763
1418801989935137277,1.08079004288,1.08079004288
1418801990035087099,0.166215285659,0.249322935939
1418801990135226183,0.0,0.0
1418801990235216917,0.0,0.0
1418801990334845758,0.0,0.0
1418801990434770715,0.332385927439,0.24928945303
1418801990535118251,1.08043730259,0.914216160774
1418801990637597838,1.41220676899,1.16299378872
1418801990734554168,1.32938182354,0.997036337852
1418801990834741011,0.0831955075264,0.249586507678
1418801990935432452,-0.332211196423,0.498316764832
1418801991034809431,-2.57696795464,2.74322414398
1418801991139367257,-1.82732474804,2.15956568718
1418801991235103206,-2.16086363792,2.16086363792
1418801991334423302,-2.49500894547,2.82767677307
1418801991435251033,-2.65822720528,2.99050545692
1418801991535232887,-3.3237361908,3.3237361908
1418801991634625641,-3.57377886772,3.65688991547
1418801991734561392,-3.65746927261,3.65746927261
1418801991834829452,-3.57424235344,3.65736413002
1418801991934534035,-3.65634298325,3.65634298325
1418801992035144267,-3.57528471947,3.74157714844
1418801992134617655,-3.40700054169,3.73939061165
1418801992234601091,-3.40625286102,3.65549087524
1418801992334783199,-3.4870300293,3.6530790329
1418801992434767739,-3.41183829308,3.66148495674
1418801992535075252,-3.57571053505,3.90833497047
1418801992635113044,-3.49052166939,3.73984456062
1418801992741876996,-3.40425014496,3.73637199402
1418801992834846874,-2.9104783535,3.24310421944
1418801992934672564,-2.57517671585,2.57517671585
1418801993035376548,-2.16167211533,2.41109585762
1418801993134647982,-1.99500930309,2.16126012802
1418801993234464133,-2.07834219933,2.32774329185
1418801993335135679,-2.07775163651,2.32708191872
1418801993435461280,-1.82482481003,1.99071800709
1418801993535098845,-1.74907433987,1.99894201756
1418801993635037575,-1.82806634903,2.07734823227
1418801993735021296,-1.91190290451,2.07815527916
1418801993835163233,-1.82791531086,1.91100239754
1418801993934964883,-1.91225659847,1.74597346783
1418801994035436764,-1.90918445587,1.99219250679
1418801994134665287,-1.91236007214,2.07865214348
1418801994234595469,-1.74543499947,1.91166687012
1418801994334471255,-1.74629104137,1.99576127529
1418801994434573722,-1.1627175808,1.91017889977
1418801994535740134,0.663973450661,1.57693696022
1418801994634572258,1.24922287464,0.916096806526
1418801994734981801,0.415310621262,1.24593186378
1418801994834873657,-5.15413999557,3.15898895264
1418801994934616165,-3.32350707054,2.99115633965
1418801995035250566,-2.16172194481,2.57743763924
1418801995134673032,-1.82737874985,1.6612534523
1418801995234680684,-0.997406363487,1.41299235821
1418801995334497735,0.997578144073,1.49636721611
1418801995434756957,1.07883858681,1.07883858681
1418801995535293188,1.24805951118,1.24805951118
1418801995635106975,1.24716067314,1.16401660442
1418801995735015654,1.41393113136,1.24758625031
1418801995838223656,1.32939112186,1.32939112186
1418801995935415142,0.830650627613,0.996780753136
1418801996035361413,-0.997124493122,-0.415468543768
1418801996135151804,-0.582278132439,-0.499095529318
1418801996234747010,-0.664901852608,-0.415563672781
1418801996334483215,-0.914223611355,-0.581778645515
1418801996434628975,-0.747801423073,-0.498534291983
1418801996534983421,-0.665001034737,-0.498750805855
1418801996634689651,-0.581509053707,-0.332290887833
1418801996735592843,-0.663540899754,0.0
1418801996834955496,-1.91621828079,0.499883025885
1418801996934685291,-1.82761597633,0.16614690423
1418801997035348155,-1.32920348644,-0.415376067162
1418801997134707700,-0.997565984726,-0.581913471222
1418801997235116490,-0.58231061697,-0.415936172009
1418801997334629275,-0.66458106041,-0.415363132954
1418801997434598199,-0.166159301996,0.0
1418801997535825902,0.913963913918,0.997051537037
1418801997634610265,1.41296935081,1.16362178326
1418801997734694378,1.24669528008,1.24669528008
1418801997835190217,1.32956671715,1.08027303219
1418801997935780898,1.2413110733,0.993048846722
1418801998035181413,1.25291788578,1.00233435631
1418801998135167849,1.16376543045,1.16376543045
1418801998234785525,1.33026957512,1.24712777138
1418801998337206667,1.32947027683,1.24637830257
1418801998434575595,0.831088602543,0.831088602543
1418801998535109710,-0.581773459911,-0.332441985607
1418801998638343175,-0.664167642593,-0.498125731945
1418801998735202571,-0.582521080971,-0.332869172096
1418801998835264055,0.0,0.0
1418801998935110889,0.0,0.0
1418801999035132050,0.0,0.0
1418801999135098379,0.0,0.0
1418801999235011293,0.0,0.0
1418801999335004623,0.0,0.0
1418801999435305279,0.0,0.0
1418801999534979857,0.0,0.0
1418801999636005409,0.0,0.0
1418801999734865681,-0.166218489408,-0.0831092447042
1418801999834976500,-0.58206152916,-0.415758222342
1418801999934695269,-0.664604187012,-0.498453140259
1418802000037192957,-0.663658380508,-0.331829190254
1418802000135984497,-0.665830135345,-0.332915067673
1418802000234533507,-0.665221095085,-0.415763199329
1418802000334527982,-0.664725780487,-0.249272182584
1418802000434631453,-0.581843018532,-0.415602147579
1418802000535763331,-0.415642261505,-0.415642261505
1418802000635918471,-0.498560726643,-0.332373827696
1418802000734562196,-0.41558483243,-0.498701810837
1418802000834835791,-0.41586369276,-0.41586369276
1418802000934575859,-0.415206253529,-0.415206253529
1418802001034992308,-0.499008893967,-0.499008893967
1418802001134692552,-0.49742051959,-0.331613689661
1418802001234635571,-0.49955996871,-0.333039969206
1418802001334491829,-0.582194387913,-0.249511867762
1418802001435040849,-0.498557090759,-0.24927854538
1418802001535107397,-0.747645795345,-0.415358781815
1418802001635304709,-0.831085264683,-0.498651176691
1418802001734825245,-0.664755761623,-0.332377880812
1418802001834628468,0.0,0.0831347927451
1418802001934924393,0.0,0.0
1418802002035308913,0.0,0.0
1418802002135071361,0.0,0.0
1418802002235364718,0.0,0.0
1418802002334453698,0.0,0.0
1418802002434622644,0.0830493718386,0.249148115516
1418802002535274758,1.08124160767,0.831724286079
1418802002636996866,1.41181528568,1.24571943283
1418802002734573271,1.24663698673,0.914200484753
1418802002834710525,1.24670088291,0.914247334003
1418802002935328806,0.747535943985,0.498357266188
1418802003035345863,-0.582172214985,-0.332669854164
1418802003134778265,-0.581925153732,-0.498793005943
1418802003235266779,-0.665123701096,-0.498842775822
1418802003338332864,-0.581495285034,-0.498424530029
1418802003440368725,-0.66483515501,-0.498626381159
1418802003535772440,-0.582142412663,-0.582142412663
1418802003635661827,-0.581343173981,-0.415245115757
1418802003736136801,-0.581823885441,-0.249353080988
1418802003836580751,0.0,0.0831616446376
1418802003934606467,0.249168530107,0.249168530107
1418802004035130819,0.998007237911,0.998007237911
1418802004135350978,1.41219735146,0.996845126152
1418802004239466528,0.747941970825,0.58173263073
1418802004335171926,-0.498940765858,-0.498940765858
1418802004434890871,-0.747630476952,-0.664560437202
1418802004535725157,-0.748010277748,-0.581785738468
1418802004634588077,-0.498411208391,-0.498411208391
1418802004735384972,-0.665169000626,-0.415730625391
1418802004835089620,-0.498784542084,-0.415653765202
1418802004935294791,-0.664562523365,-0.332281261683
1418802005035435806,-0.664857029915,-0.332428514957
1418802005135040408,-0.581792116165,-0.332452654839
1418802005234805084,-0.665159225464,-0.332579612732
1418802005334895579,-0.581696212292,-0.332397818565
1418802005435277369,-0.582043886185,-0.332596480846
1418802005534953653,-0.581546843052,-0.249234348536
1418802005634752348,-0.498630970716,-0.166210323572
1418802005735046048,-0.166247561574,0.0
1418802005834737215,-0.415546953678,-0.498656332493
1418802005935283533,-0.748203635216,-0.332534939051
1418802006034834204,-0.747336626053,-0.498224437237
1418802006134718461,-0.831326365471,-0.498795837164
1418802006234735894,-0.748045921326,-0.498697280884
1418802006334698408,-0.748095333576,-0.415608525276
1418802006434616437,-0.748369753361,-0.582065343857
1418802006535378668,-1.08032059669,-0.914117395878
1418802006634952133,-1.32924449444,-0.996933400631
1418802006734650734,-1.16470992565,-0.998322784901
1418802006835388278,-1.24664270878,-0.914204657078
1418802006934499849,-1.24645447731,-0.747872710228
1418802007035264588,-0.332263976336,0.0
1418802007134783084,0.0,0.0
1418802007234509773,0.0,0.0
1418802007335177680,0.0,0.0
1418802007434665663,0.0,0.0
1418802007535475371,0.0,0.0
1418802007634997687,0.0,0.0
1418802007735658450,0.0,0.0
1418802007835400717,0.0,0.0
1418802007937315763,0.0,0.0
1418802008035973103,0.0,0.0
1418802008134772726,0.0,0.0
1418802008234866516,0.0,0.0
1418802008335375439,0.0,0.0
1418802008434731281,0.0,0.0
1418802008535119301,0.0,0.0
1418802008635233180,0.0,0.0
1418802008734692348,0.0,0.0
1418802008835388870,0.0,0.0
1418802008934763476,0.0,0.0
1418802009035518244,0.0,0.0
1418802009134741953,0.0,0.0
1418802009234827946,0.0,0.0
1418802009334648045,0.0,0.0
1418802009436254160,0.0,0.0
1418802009538711945,0.0,0.0
1418802009634825336,0.0,0.0
1418802009734670510,0.0,0.0
1418802009835098175,0.0,0.0
1418802009935173346,0.0,0.0
1418802010035093895,0.0,0.0
1418802010134912923,0.0,0.0
1418802010234761567,0.0,0.0
1418802010335531564,0.0,0.0
1418802010434737637,0.0,0.0
1418802010535354146,0.0,0.0
1418802010634758376,0.0,0.0
1418802010735142068,0.0,0.0
1418802010835331762,0.0,0.0
1418802010934961091,0.0,0.0
1418802011035474418,0.0,0.0
1418802011136203545,0.0,0.0
1418802011234849119,0.0,0.0
1418802011334931547,0.0,0.0
1418802011434720149,0.0,0.0
1418802011535333210,0.0,0.0
1418802011634627601,0.0,0.0
1418802011734697468,0.0,0.0
1418802011835224850,0.0,0.0
1418802011934650248,0.0,0.0
1418802012034641085,0.0,0.0
1418802012134973599,0.0,0.0
1418802012234651850,0.0,0.0
1418802012335261590,0.0,0.0
1418802012434733244,0.0,0.0
1418802012535266731,0.0,0.0
1418802012634955458,0.0,0.0
1418802012734712191,0.0,0.0
1418802012835655155,0.0,0.0
1418802012934761900,0.0,0.0
1418802013038990500,0.0,0.0
1418802013134795192,0.0,0.0
1418802013235519342,0.0,0.0
1418802013335288494,0.0,0.0
1418802013435389943,0.0,0.0
1418802013535377381,0.0,0.0
1418802013634644015,0.0,0.0
1418802013734942420,0.0,0.0
1418802013835219167,0.0,0.0
1418802013935011355,0.0,0.0
1418802014035193795,0.0,0.0
1418802014134933927,0.0,0.0
1418802014234750859,0.0,0.0
1418802014335272774,0.0,0.0
1418802014434739631,0.0,0.0
1418802014535144875,0.0,0.0
1418802014634710128,0.0,0.0
1418802014734666660,0.0,0.0
1418802014835784626,0.0,0.0
1418802014934628702,0.0,0.0
1418802015035401837,0.0,0.0
1418802015134641484,0.0,0.0
1418802015234971334,0.0,0.0
1418802015335580220,0.0,0.0
1418802015437092772,0.0,0.0
1418802015535106969,0.0,0.0
1418802015634922189,0.0,0.0
1418802015736635986,0.0,0.0
1418802015835396374,0.0,0.0
1418802015934691562,0.0,0.0
1418802016034986248,0.0,0.0
1418802016134753788,0.0,0.0
1418802016234701565,0.0,0.0
1418802016335890374,0.0,0.0
1418802016435697279,0.0,0.0
1418802016535485836,0.0,0.0
1418802016634929583,0.0,0.0
1418802016734736413,0.0,0.0
1418802016835526547,0.0,0.0
1418802016934754566,0.0,0.0
1418802017035408214,0.0,0.0
1418802017134940492,0.0,0.0
1418802017235389955,0.0,0.0
1418802017335380033,0.0,0.0
1418802017434821853,0.0,0.0
1418802017535166494,0.0,0.0
1418802017634734604,0.0,0.0
1418802017734617367,0.0,0.0
1418802017835340298,0.0,0.0
1418802017934933836,0.0,0.0
1418802018035605135,0.0,0.0
1418802018134711680,0.0,0.0
1418802018234829077,0.0,0.0
1418802018335604218,0.0,0.0
1418802018434739615,0.0,0.0
1418802018535322460,0.0,0.0
1418802018635956090,0.0,0.0
1418802018735202669,0.0,0.0
1418802018835378060,0.0,0.0
1418802018935236989,0.0,0.0
1418802019035248156,0.0,0.0
1418802019134709702,0.0,0.0
1418802019234652350,0.0,0.0
1418802019335259080,0.0,0.0
1418802019434757596,0.0,0.0
1418802019535161126,0.0,0.0
1418802019635299714,0.0,0.0
1418802019738082610,0.0,0.0
1418802019834915059,0.0,0.0
1418802019934833316,0.0,0.0
1418802020034962348,0.0,0.0
1418802020135458473,0.0,0.0
1418802020234625885,0.0,0.0
1418802020335162335,0.0,0.0
1418802020434915213,0.0,0.0
1418802020535062406,0.0,0.0
1418802020635106973,0.0,0.0
1418802020734894567,0.0,0.0
1418802020836561482,0.0,0.0
1418802020934790612,0.0,0.0
1418802021034738437,0.0,0.0
1418802021134778765,0.0,0.0
1418802021234756379,0.0,0.0
1418802021335213997,0.0,0.0
1418802021435245180,0.0,0.0
1418802021535721507,0.0,0.0
1418802021634838082,0.0,0.0
1418802021734738007,0.0,0.0
1418802021834752017,0.0,0.0
1418802021935627267,0.0,0.0
1418802022035856649,0.0,0.0
1418802022134733910,0.0,0.0
1418802022234796701,0.0,0.0
1418802022335213170,0.0,0.0
1418802022434961002,0.0,0.0
1418802022535444919,0.0,0.0
1418802022634923812,0.0,0.0
1418802022734792398,0.0,0.0
1418802022835223130,0.0,0.0
1418802022935585339,0.0,0.0
1418802023035471021,0.0,0.0
1418802023134872370,0.0,0.0
1418802023234860756,0.0,0.0
1418802023335468551,0.0,0.0
1418802023434809886,0.0,0.0
1418802023535451020,0.0,0.0
1418802023634819963,0.0,0.0
1418802023734802217,0.0,0.0
1418802023835275536,0.0,0.0
1418802023936732002,0.0,0.0
1418802024035781562,0.0,0.0
1418802024137873803,0.0,0.0
1418802024234823371,0.0,0.0
1418802024334912147,0.0,0.0
1418802024434927400,0.0,0.0
1418802024536112648,0.0,0.0
1418802024634944113,0.0,0.0
1418802024736161200,0.0,0.0
1418802024834675212,0.0,0.0
1418802024934714842,0.0,0.0
1418802025035262476,0.0,0.0
1418802025134882706,0.0,0.0
1418802025236950871,0.0,0.0
1418802025335829421,0.0,0.0
1418802025434858716,0.0,0.0
1418802025535448941,0.0,0.0
1418802025635293303,0.0,0.0
1418802025735011704,0.0,0.0
1418802025835309044,0.0,0.0
1418802025934717801,0.0,0.0
1418802026035357384,0.0,0.0
1418802026152497285,0.0,0.0
1418802026234733951,0.0,0.0
1418802026337011168,0.0,0.0
1418802026436231611,0.0,0.0
1418802026535261712,0.0,0.0
1418802026634910104,0.0,0.0
1418802026734727552,0.0,0.0
1418802026834969398,0.0,0.0
1418802026935115926,0.0,0.0
1418802027035999940,0.0,0.0
1418802027134697163,0.0,0.0
1418802027234785484,0.0,0.0
1418802027335004071,0.0,0.0
1418802027435239459,0.0,0.0
1418802027536585125,0.0,0.0
1418802027634790425,0.0,0.0
1418802027734858240,0.0,0.0
1418802027835058877,0.0,0.0
1418802027934759793,0.0,0.0
1418802028035047413,0.0,0.0
1418802028134879837,0.0,0.0
1418802028237009761,0.0,0.0
1418802028335257846,0.0,0.0
1418802028434624904,0.0,0.0
1418802028535602329,0.0,0.0
1418802028634967927,0.0,0.0
1418802028734794127,0.0,0.0
1418802028835232322,0.0,0.0
1418802028934741330,0.0,0.0
1418802029035267821,0.0,0.0
1418802029135077757,0.0,0.0
1418802029235485261,0.0,0.0
1418802029335487652,0.0,0.0
1418802029434746992,0.0,0.0
1418802029535310153,0.0,0.0
1418802029635132560,0.0,0.0
1418802029741336752,0.0,0.0
1418802029835785472,0.0,0.0
1418802029934719556,0.0,0.0
1418802030035463601,0.0,0.0
1418802030134766192,0.0,0.0
1418802030234858002,0.0,0.0
1418802030335221870,0.0,0.0
1418802030434958682,0.0,0.0
1418802030535445859,0.0,0.0
1418802030635415530,0.0,0.0
1418802030734911602,0.0,0.0
1418802030835135565,0.0,0.0
1418802030934766070,0.0,0.0
1418802031034719382,0.0,0.0
1418802031137745539,0.0,0.0
1418802031235314113,0.0,0.0
1418802031334737567,0.0,0.0
1418802031434822447,0.0,0.0
1418802031535555011,0.0,0.0
1418802031634937580,0.0,0.0
1418802031734761178,0.0,0.0
1418802031835209122,0.0,0.0
1418802031934804066,0.0,0.0
1418802032035028090,0.0,0.0
1418802032134834157,0.0,0.0
1418802032234697812,0.0,0.0
1418802032335211869,0.0,0.0
1418802032435927675,0.0,0.0
1418802032538438155,0.0,0.0
1418802032634939213,0.0,0.0
1418802032734892283,0.0,0.0
1418802032835497817,0.0,0.0
1418802032935157030,0.0,0.0
1418802033036301629,0.0,0.0
1418802033135754693,0.0,0.0
1418802033235362110,0.0,0.0
1418802033335327785,0.0,0.0
1418802033435876071,0.0,0.0
1418802033536008025,0.0,0.0
1418802033634958979,0.0,0.0
1418802033734881111,0.0,0.0
1418802033835302376,0.0,0.0
1418802033935965330,0.0,0.0
1418802034035856914,0.0,0.0
1418802034134943524,0.0,0.0
1418802034234995252,0.0,0.0
1418802034335347526,0.0,0.0
1418802034434942683,0.0,0.0
1418802034535577401,0.0,0.0
1418802034634886791,0.0,0.0
1418802034735274447,0.0,0.0
1418802034835318812,0.0,0.0
1418802034934725836,0.0,0.0
1418802035035202846,0.0,0.0
1418802035134835744,0.0,0.0
1418802035234792443,0.0,0.0
1418802035334797056,0.0,0.0
1418802035434810873,0.0,0.0
1418802035535088909,0.0,0.0
1418802035634871243,0.0,0.0
1418802035736156662,0.0,0.0
1418802035835140885,0.0,0.0
1418802035934890715,0.0,0.0
1418802036034890133,0.0,0.0
1418802036135821440,0.0,0.0
1418802036234879693,0.0,0.0
1418802036335055851,0.0,0.0
1418802036434785170,0.0,0.0
1418802036534857698,0.0,0.0
1418802036634867617,0.0,0.0
1418802036737056087,0.0,0.0
1418802036834825529,0.0,0.0
1418802036935301260,0.0,0.0
1418802037035161512,0.0,0.0
1418802037136315895,0.0,0.0
1418802037235472533,0.0,0.0
1418802037334739547,0.0,0.0
1418802037434789335,0.0,0.0
1418802037534795524,0.0,0.0
1418802037634877626,0.0,0.0
1418802037734893226,0.0,0.0
1418802037835470902,0.0,0.0
1418802037934901876,0.0,0.0
1418802038034931777,0.0,0.0
1418802038134874786,0.0,0.0
1418802038234907830,0.0,0.0
1418802038334873108,0.0,0.0
1418802038434738137,0.0,0.0
1418802038535433726,0.0,0.0
1418802038636685256,0.0,0.0
1418802038734845542,0.0,0.0
1418802038834986626,0.0,0.0
1418802038934786673,0.0,0.0
1418802039035159901,0.0,0.0
1418802039134845291,0.0,0.0
1418802039235103049,0.0,0.0
1418802039334854849,0.0,0.0
1418802039434972061,0.0,0.0
1418802039534881975,0.0,0.0
1418802039636218019,0.0,0.0
1418802039734806039,0.0,0.0
1418802039834751988,0.0,0.0
1418802039935333471,0.0,0.0
1418802040034850062,0.0,0.0
1418802040135008886,0.0,0.0
1418802040234888631,0.0,0.0
1418802040334900424,0.0,0.0
1418802040434799115,0.0,0.0
1418802040535546666,0.0,0.0
1418802040635076161,0.0,0.0
1418802040734885384,0.0,0.0
1418802040834781154,0.0,0.0
1418802040935509238,0.0,0.0
1418802041037019333,0.0,0.0
1418802041134862439,0.0,0.0
1418802041242075026,0.0,0.0
1418802041334854381,0.0,0.0
1418802041434731277,0.0,0.0
1418802041536176646,0.0,0.0
1418802041634875965,0.0,0.0
1418802041734956883,0.0,0.0
1418802041834848247,0.0,0.0
1418802041934821129,0.0,0.0
1418802042035377439,0.0,0.0
1418802042135768527,0.0,0.0
1418802042236202902,0.0,0.0
1418802042335385494,0.0,0.0
1418802042434889142,0.0,0.0
1418802042535397122,0.0,0.0
1418802042634844875,0.0,0.0
1418802042735722527,0.0,0.0
1418802042835325561,0.0,0.0
1418802042934821365,0.0,0.0
1418802043035094675,0.0,0.0
1418802043134850291,0.0,0.0
1418802043234834907,0.0,0.0
1418802043335548232,0.0,0.0
1418802043434991555,0.0,0.0
1418802043535677340,0.0,0.0
1418802043642108393,0.0,0.0
1418802043734816915,0.0,0.0
1418802043835211301,0.0,0.0
1418802043934778453,0.0,0.0
1418802044035102910,0.0,0.0
1418802044134872681,0.0,0.0
1418802044234822399,0.0,0.0
1418802044335704826,0.0,0.0
1418802044434890232,0.0,0.0
1418802044535117281,0.0,0.0
1418802044635899056,0.0,0.0
1418802044734845201,0.0,0.0
1418802044836459465,0.0,0.0
1418802044935799324,0.0,0.0
1418802045035127833,0.0,0.0
1418802045134880142,0.0,0.0
1418802045235564086,0.0,0.0
1418802045338175886,0.0,0.0
1418802045444699580,0.0,0.0
1418802045534725796,0.0,0.0
1418802045635703909,0.0,0.0
1418802045735516405,0.0,0.0
1418802045835470472,0.0,0.0
1418802045934994806,0.0,0.0
1418802046034805079,0.0,0.0
1418802046136373956,0.0,0.0
1418802046234772622,0.0,0.0
1418802046336273312,0.0,0.0
1418802046435030330,0.0,0.0
1418802046535440387,0.0,0.0
1418802046634873051,0.0,0.0
1418802046735294108,0.0,0.0
1418802046834990240,0.0,0.0
1418802046935656884,0.0,0.0
1418802047035606430,0.0,0.0
1418802047135710898,0.0,0.0
1418802047235275353,0.0,0.0
1418802047335003260,0.0,0.0
1418802047435546251,0.0,0.0
1418802047535454897,0.0,0.0
1418802047634991477,0.0,0.0
1418802047734774145,0.0,0.0
1418802047835388146,0.0,0.0
1418802047934901700,0.0,0.0
1418802048035261165,0.0,0.0
1418802048139004701,0.0,0.0
1418802048237554326,0.0,0.0
1418802048383731568,0.0,0.0
1418802048434965645,0.0,0.0
1418802048539132258,0.0,0.0
1418802048635261804,0.0,0.0
1418802048734840555,0.0,0.0
1418802048835580989,0.0,0.0
1418802048944399827,0.0,0.0
1418802049058397145,0.0,0.0
1418802049135079144,0.0,0.0
1418802049238065778,0.0,0.0
1418802049335741214,0.0,0.0
1418802049445979764,0.0,0.0
1418802049546502953,0.0,0.0
1418802049639397975,0.0,0.0
1418802049734840491,0.0,0.0
1418802049837094082,0.0,0.0
1418802049938746914,0.0,0.0
1418802050037782070,0.0,0.0
1418802050155368459,0.0,0.0
1418802050254059268,0.0,0.0
1418802050337486844,0.0,0.0
1418802050448629944,0.0,0.0
1418802050535570521,0.0,0.0
1418802050640715834,0.0,0.0
1418802050735543070,0.0,0.0
1418802050835192951,0.0,0.0
1418802050935109414,0.0,0.0
1418802051038658360,0.0,0.0
1418802051137451998,0.0,0.0
1418802051234967171,0.0,0.0
1418802051335392470,0.0,0.0
1418802051438498286,0.0,0.0
1418802051537058637,0.0,0.0
1418802051634965089,0.0,0.0
1418802051735042752,0.0,0.0
1418802051835318182,0.0,0.0
1418802051935869868,0.0,0.0
1418802052035116582,0.0,0.0
1418802052135101972,0.0,0.0
1418802052235010230,0.0,0.0
1418802052335061470,0.0,0.0
1418802052434843987,0.0,0.0
1418802052535184518,0.0,0.0
1418802052635028459,0.0,0.0
1418802052738607311,0.0,0.0
1418802052836732864,0.0,0.0
1418802052934956895,0.0,0.0
1418802053039570368,0.0,0.0
1418802053140588420,0.0,0.0
1418802053240376440,0.0,0.0
1418802053347982647,0.0,0.0
1418802053437952169,0.0,0.0
1418802053534820873,0.0,0.0
1418802053636857695,0.0,0.0
1418802053740875895,0.0,0.0
1418802053837547687,0.0,0.0
1418802053945579656,0.0,0.0
1418802054035380810,0.0,0.0
1418802054144683683,0.0,0.0
1418802054239234451,0.0,0.0
1418802054343026438,0.0,0.0
1418802054434810000,0.0,0.0
1418802054534948272,0.0,0.0
1418802054642609130,0.0,0.0
1418802054735322158,0.0,0.0
1418802054835216062,0.0,0.0
1418802054934904000,0.0,0.0
1418802055052317499,0.0,0.0
1418802055135128597,0.0,0.0
1418802055234863750,0.0,0.0
1418802055336176279,0.0,0.0
1418802055439019019,0.0,0.0
1418802055538883279,0.0,0.0
1418802055634885305,0.0,0.0
1418802055737694501,0.0,0.0
1418802055834900764,0.0,0.0
1418802055935822585,0.0,0.0
1418802056034946221,0.0,0.0
1418802056135621574,0.0,0.0
1418802056236378424,0.0,0.0
1418802056335499938,0.0,0.0
1418802056435722319,0.0,0.0
1418802056535826142,0.0,0.0
1418802056634914898,0.0,0.0
1418802056734979242,0.0,0.0
1418802056834967315,0.0,0.0
1418802056935186314,0.0,0.0
1418802057036060183,0.0,0.0
1418802057136060357,0.0,0.0
1418802057235201425,0.0,0.0
1418802057334917123,0.0,0.0
1418802057435024151,0.0,0.0
1418802057534929869,0.0,0.0
1418802057634913828,0.0,0.0
1418802057734818359,0.0,0.0
1418802057834899754,0.0,0.0
1418802057935579228,0.0,0.0
1418802058036014774,0.0,0.0
1418802058138213436,0.0,0.0
1418802058234994065,0.0,0.0
1418802058335241550,0.0,0.0
1418802058435992344,0.0,0.0
1418802058534980813,0.0,0.0
1418802058635067821,0.0,0.0
1418802058734945366,0.0,0.0
1418802058834989500,0.0,0.0
1418802058935444970,0.0,0.0
1418802059035113471,0.0,0.0
1418802059134904902,0.0,0.0
1418802059235871058,0.0,0.0
1418802059335402904,0.0,0.0
1418802059434883174,0.0,0.0
1418802059534990865,0.0,0.0
1418802059634979788,0.0,0.0
1418802059734898384,0.0,0.0
1418802059834918668,0.0,0.0
1418802059934934476,0.0,0.0
1418802060034903978,0.0,0.0
1418802060134994839,0.0,0.0
1418802060235163531,0.0,0.0
1418802060345538150,0.0,0.0
1418802060435361131,0.0,0.0
1418802060535018021,0.0,0.0
1418802060635017765,0.0,0.0
1418802060735010885,0.0,0.0
1418802060835091233,0.0,0.0
1418802060934884647,0.0,0.0
1418802061035030054,0.0,0.0
1418802061134930839,0.0,0.0
1418802061234915172,0.0,0.0
1418802061335798618,0.0,0.0
1418802061435043138,0.0,0.0
1418802061534926116,0.0,0.0
1418802061639091686,0.0,0.0
1418802061734983753,0.0,0.0
1418802061834852295,0.0,0.0
1418802061934910989,0.0,0.0
1418802062034924221,0.0,0.0
1418802062134997797,0.0,0.0
1418802062234970040,0.0,0.0
1418802062336459040,0.0,0.0
1418802062434907305,0.0,0.0
1418802062535989671,0.0,0.0
1418802062634939232,0.0,0.0
1418802062736000310,0.0,0.0
1418802062834846090,0.0,0.0
1418802062934891335,0.0,0.0
1418802063035666264,0.0,0.0
1418802063134988719,0.0,0.0
1418802063234836823,0.0,0.0
1418802063334905243,0.0,0.0
1418802063434837852,0.0,0.0
1418802063535536560,0.0,0.0
1418802063636129297,0.0,0.0
1418802063735361990,0.0,0.0
1418802063834967703,0.0,0.0
1418802063934938330,0.0,0.0
1418802064034970118,0.0,0.0
1418802064134976161,0.0,0.0
1418802064234935990,0.0,0.0
1418802064334956349,0.0,0.0
1418802064434975644,0.0,0.0
1418802064535605834,0.0,0.0
1418802064636194609,0.0,0.0
1418802064734845316,0.0,0.0
1418802064834912173,0.0,0.0
1418802064934929693,0.0,0.0
1418802065034829793,0.0,0.0
1418802065134934368,0.0,0.0
1418802065234955181,0.0,0.0
1418802065334906029,0.0,0.0
1418802065436061241,0.0,0.0
1418802065534867134,0.0,0.0
1418802065635375827,0.0,0.0
1418802065735522972,0.0,0.0
1418802065834933173,0.0,0.0
1418802065934928270,0.0,0.0
1418802066034908375,0.0,0.0
1418802066135008488,0.0,0.0
1418802066234894634,0.0,0.0
1418802066334936116,0.0,0.0
1418802066434943237,0.0,0.0
1418802066535212583,0.0,0.0
1418802066637369735,0.0,0.0
1418802066740374098,0.0,0.0
1418802066838552215,0.0,0.0
1418802066934893305,0.0,0.0
1418802067034981534,0.0,0.0
1418802067135073023,0.0,0.0
1418802067235011706,0.0,0.0
1418802067334941161,0.0,0.0
1418802067435004244,0.0,0.0
1418802067580738941,0.0,0.0
1418802067635124013,-0.332298547029,0.0
1418802067734961665,-0.997665941715,0.0831388309598
1418802067849112959,-1.57901144028,0.0
1418802067935043369,-1.82539844513,0.0
1418802068034946601,-2.2479698658,0.0
1418802068135633132,-2.40739250183,0.747121810913
1418802068234943307,-1.74715280533,1.08157074451
1418802068384522367,-1.66224205494,1.24668157101
1418802068435537025,-2.24511146545,1.57989323139
1418802068535024572,-2.82411050797,1.82736563683
1418802068652712808,-3.07470870018,2.07750582695
1418802068735414301,-3.49444627762,1.99682641029
1418802068835371766,-3.82362961769,1.41308057308
1418802068935452696,-4.15556335449,0.664890170097
1418802069036185009,-4.14496183395,0.828992307186
1418802069188600905,-3.91286087036,0.832523584366
1418802069234922884,-3.98949074745,1.08048713207
1418802069336060336,-4.23858690262,0.415547758341
1418802069458196594,-4.15827989578,0.0
1418802069535611937,-3.82189249992,0.0
1418802069635451724,-3.15680360794,0.0
1418802069734963021,-3.40806531906,0.166247084737
1418802069835715660,-3.32649588585,0.997948765755
1418802069992583088,-3.15866613388,2.07806992531
1418802070035102839,-3.32156872749,2.82333350182
1418802070135859350,-2.5688419342,2.81743955612
1418802070260518896,-2.08384823799,2.00049424171
1418802070335384564,-1.08040368557,0.831079781055
1418802070434876746,0.0,0.0
1418802070581795117,0.0,0.0
1418802070635560782,0.0,0.0
1418802070735833665,0.0,0.0
1418802070900754620,0.0,0.0
1418802070935253404,0.0,0.0
1418802071035137777,0.0,0.0
1418802071221650199,0.0,0.0
1418802071235289002,0.0,0.0
1418802071334967156,0.0,0.0
1418802071441638077,0.0,0.0
1418802071534990335,0.0,0.0
1418802071635726517,0.0,0.0
1418802071735619281,0.0,0.0
1418802071834995310,0.0,0.0
1418802071935056708,0.0,0.0
1418802072036226645,0.0,0.0
1418802072136497090,0.0,0.0
1418802072235668698,0.0,0.0
1418802072335077084,0.0,0.0
1418802072435100166,0.0,0.0
1418802072535947318,0.0,0.0
1418802072635025084,0.0,0.0
1418802072734912176,0.0,0.0
1418802072835608821,0.0,0.0
1418802072934953291,0.0,0.0
1418802073035066473,0.0,0.0
1418802073135633572,0.0,0.0
1418802073235694793,0.0,0.0
1418802073334960191,0.0,0.0
1418802073435924741,0.0,0.0
1418802073535717214,0.0,0.0
1418802073635095096,0.0,0.0
1418802073735060054,0.0,0.0
1418802073834963881,0.0,0.0
1418802073934991735,0.0,0.0
1418802074038836995,0.0,0.0
1418802074135052199,0.0,0.0
1418802074234945002,0.0,0.0
1418802074335762907,0.0,0.0
1418802074435023253,0.0,0.0
1418802074535596826,0.0,0.0
1418802074635011011,0.0,0.0
1418802074734997016,0.0,0.0
1418802074834965953,0.0,0.0
1418802074935161023,0.0,0.0
1418802075035072838,0.0,0.0
1418802075137669307,0.0,0.0
1418802075235121640,0.0,0.0
1418802075334972570,0.0,0.0
1418802075434965085,0.0,0.0
1418802075535052557,0.0,0.0
1418802075636047588,0.0,0.0
1418802075734969427,0.0,0.0
1418802075835726807,0.0,0.0
1418802075935137458,0.0,0.0
1418802076035184210,0.0,0.0
1418802076135326515,0.0,0.0
1418802076234990062,0.0,0.0
1418802076334958843,0.0,0.0
1418802076435145871,0.0,0.0
1418802076535045695,0.0,0.0
1418802076635134069,0.0,0.0
1418802076736251364,0.0,0.0
1418802076834906462,0.0,0.0
1418802076936313860,0.0,0.0
1418802077034993196,0.0,0.0
1418802077135453240,0.0,0.0
1418802077235203123,0.0,0.0
1418802077335169849,0.0,0.0
1418802077435007944,0.0,0.0
1418802077535255301,0.0,0.0
1418802077635332059,0.0,0.0
1418802077734980796,0.0,0.0
1418802077836971933,0.0,0.0
1418802077935111573,0.0,0.0
1418802078035874468,0.0,0.0
1418802078135759703,0.0,0.0
1418802078234997782,0.0,0.0
1418802078335006614,0.0,0.0
1418802078435018728,0.0,0.0
1418802078535197805,0.0,0.0
1418802078635656991,0.0,0.0
1418802078735168509,0.0,0.0
1418802078834996997,0.0,0.0
1418802078935401158,0.0,0.0
1418802079035005160,0.0,0.0
1418802079135564673,0.0,0.0
1418802079235138715,0.0,0.0
1418802079335431521,0.0,0.0
1418802079437909334,0.0,0.0
1418802079536903484,0.0,0.0
1418802079635570460,0.0,0.0
1418802079735026220,0.0,0.0
1418802079836303914,0.0,0.0
1418802079935135737,0.0,0.0
1418802080035628727,0.0,0.0
1418802080135970211,0.0,0.0
1418802080235442986,0.0,0.0
1418802080335619694,0.0,0.0
1418802080435290590,0.0,0.0
1418802080535796283,0.0,0.0
1418802080635637840,0.0,0.0
1418802080735005095,0.0,0.0
1418802080835050006,0.0,0.0
1418802080935289162,0.0,0.0
1418802081034985432,0.0,0.0
1418802081135885580,0.0,0.0
1418802081235135525,0.0,0.0
1418802081335348602,0.0,0.0
1418802081434888832,0.0,0.0
1418802081535373985,0.0,0.0
1418802081635671140,0.0,0.0
1418802081735431000,0.0,0.0
1418802081836239931,0.0,0.0
1418802081935302601,0.0,0.0
1418802082035374070,0.0,0.0
1418802082136377284,0.0,0.0
1418802082235579811,0.0,0.0
1418802082335606803,0.0,0.0
1418802082435280015,0.0,0.0
1418802082535347668,0.0,0.0
1418802082635343761,0.0,0.0
1418802082735377429,0.0,0.0
1418802082835062723,0.0,0.0
1418802082935056740,0.0,0.0
1418802083034932908,0.0,0.0
1418802083134926908,0.0,0.0
1418802083235200441,0.0,0.0
1418802083336616740,0.0,0.0
1418802083435001681,0.0,0.0
1418802083534961506,0.0,0.0
1418802083636462547,0.0,0.0
1418802083735012469,0.0,0.0
1418802083835040818,0.0,0.0
1418802083935030605,0.0,0.0
1418802084035024523,0.0,0.0
1418802084135558216,0.0,0.0
1418802084235764627,0.0,0.0
1418802084335007757,0.0,0.0
1418802084435088777,0.0,0.0
1418802084535064901,0.0,0.0
1418802084635644112,0.0,0.0
1418802084735190406,0.0,0.0
1418802084835309395,0.0,0.0
1418802084935837612,0.0,0.0
1418802085035072669,0.0,0.0
1418802085134879397,0.0,0.0
1418802085235151011,0.0,0.0
1418802085334982385,0.0,0.0
1418802085435031796,0.0,0.0
1418802085536406347,0.0,0.0
1418802085638111144,0.0,0.0
1418802085734991387,0.0,0.0
1418802085835121538,0.0,0.0
1418802085935051751,0.0,0.0
1418802086034927635,0.0,0.0
1418802086135517718,0.0,0.0
1418802086235512591,0.0,0.0
1418802086335087563,0.0,0.0
1418802086435389601,0.0,0.0
1418802086535162075,0.0,0.0
1418802086636010481,0.0,0.0
1418802086735195177,0.0,0.0
1418802086835101233,0.0,0.0
1418802086935161594,0.0,0.0
1418802087035066656,0.0,0.0
1418802087135886301,0.0,0.0
1418802087235347376,0.0,0.0
1418802087335251652,0.0,0.0
1418802087435100287,0.0,0.0
1418802087535090900,0.0,0.0
1418802087635014568,0.0,0.0
1418802087736292542,0.0,0.0
1418802087835206295,0.0,0.0
1418802087936528986,0.0,0.0
1418802088035125437,0.0,0.0
1418802088135565637,0.0,0.0
1418802088235017670,0.0,0.0
1418802088335223714,0.0,0.0
1418802088435568921,0.0,0.0
1418802088535065833,0.0,0.0
1418802088635544213,0.0,0.0
1418802088735034181,0.0,0.0
1418802088835762370,0.0,0.0
1418802088935104719,0.0,0.0
1418802089035947149,0.0,0.0
1418802089135589697,0.0,0.0
1418802089235181950,0.0,0.0
1418802089334998805,0.0,0.0
1418802089434903822,0.0,0.0
1418802089535007789,0.0,0.0
1418802089635591850,0.0,0.0
1418802089736992850,0.0,0.0
1418802089835299410,0.0,0.0
1418802089935799958,0.0,0.0
1418802090035107861,0.0,0.0
1418802090135403658,0.0,0.0
1418802090235279171,0.0,0.0
1418802090335055872,0.0,0.0
1418802090435008094,0.0,0.0
1418802090535076453,0.0,0.0
1418802090635721672,0.0,0.0
1418802090735082011,0.0,0.0
1418802090835067369,0.0,0.0
1418802090935232060,0.0,0.0
1418802091035763536,0.0,0.0
1418802091135629503,0.0,0.0
1418802091235691954,0.0,0.0
1418802091335032899,0.0,0.0
1418802091435103288,0.0,0.0
1418802091535036992,0.0,0.0
1418802091635476392,0.0,0.0
1418802091735030479,0.0,0.0
1418802091835712080,0.0,0.0
1418802091935331482,0.0,0.0
1418802092035734700,0.0,0.0
1418802092135707635,0.0,0.0
1418802092237552242,0.0,0.0
1418802092336023350,0.0,0.0
1418802092435202236,0.0,0.0
1418802092535298196,0.0,0.0
1418802092635122954,0.0,0.0
1418802092739376014,0.0,0.0
1418802092838532523,0.0,0.0
1418802092936056162,0.0,0.0
1418802093035354072,0.0,0.0
1418802093136421977,0.0,0.0
1418802093235803221,0.0,0.0
1418802093335299093,0.0,0.0
1418802093435044826,0.0,0.0
1418802093535291394,0.0,0.0
1418802093635730535,0.0,0.0
1418802093735668335,0.0,0.0
1418802093835273879,0.0,0.0
1418802093935477401,0.0,0.0
1418802094035246064,0.0,0.0
1418802094135033011,0.0,0.0
1418802094235301947,0.0,0.0
1418802094336894986,0.0,0.0
1418802094435067890,0.0,0.0
1418802094535757143,0.0,0.0
1418802094635688251,0.0,0.0
1418802094735096459,0.0,0.0
1418802094835806070,0.0,0.0
1418802094935159376,0.0,0.0
1418802095035327641,0.0,0.0
1418802095135632397,0.0,0.0
1418802095235044775,0.0,0.0
1418802095335089645,0.0,0.0
1418802095435912304,0.0,0.0
1418802095535059700,0.0,0.0
1418802095635655874,0.0,0.0
1418802095735120075,0.0,0.0
1418802095835490346,0.0,0.0
